PERMNO,date,TICKER,PERMCO,RET,dateff,mktrf,smb,hml,rf,umd
86580,12/31/2003,NVDA,16382,0.092793,12/31/2003,0.0429,-0.0267,0.016,0.0008,-0.0557
86580,1/30/2004,NVDA,16382,-0.040948,1/30/2004,0.0215,0.0255,0.0249,0.0007,0.0258
86580,2/27/2004,NVDA,16382,0,2/27/2004,0.014,-0.0157,0.0088,0.0006,-0.0114
86580,3/31/2004,NVDA,16382,0.186517,3/31/2004,-0.0132,0.0172,0.0027,0.0009,0.0017
86580,4/30/2004,NVDA,16382,-0.222727,4/30/2004,-0.0183,-0.017,-0.0307,0.0008,-0.0538
86580,5/28/2004,NVDA,16382,0.142788,5/28/2004,0.0117,-0.002,-0.0025,0.0006,0.015
86580,6/30/2004,NVDA,16382,-0.127079,6/30/2004,0.0186,0.0226,0.0118,0.0008,0.0205
86580,7/30/2004,NVDA,16382,-0.246702,7/30/2004,-0.0406,-0.0382,0.0324,0.001,-0.0229
86580,8/31/2004,NVDA,16382,-0.191959,8/31/2004,0.0008,-0.0148,0.0097,0.0011,-0.0159
86580,9/30/2004,NVDA,16382,0.165329,9/30/2004,0.016,0.0301,0,0.0011,0.0549
86580,10/29/2004,NVDA,16382,-0.003444,10/29/2004,0.0143,0.0015,-0.0022,0.0011,-0.0138
86580,11/30/2004,NVDA,16382,0.322046,11/30/2004,0.0454,0.0374,0.0141,0.0015,0.0316
86580,12/31/2004,NVDA,16382,0.231573,12/31/2004,0.0343,-0.0003,-0.0022,0.0016,-0.0287
86580,1/31/2005,NVDA,16382,-0.027165,1/31/2005,-0.0276,-0.0172,0.0206,0.0016,0.0305
86580,2/28/2005,NVDA,16382,0.264834,2/28/2005,0.0189,-0.0057,0.0154,0.0016,0.0337
86580,3/31/2005,NVDA,16382,-0.180407,3/31/2005,-0.0197,-0.014,0.0204,0.0021,0.0041
86580,4/29/2005,NVDA,16382,-0.07702,4/29/2005,-0.0261,-0.0394,0.0007,0.0021,-0.0069
86580,5/31/2005,NVDA,16382,0.23575,5/31/2005,0.0365,0.0288,-0.0064,0.0024,0.0045
86580,6/30/2005,NVDA,16382,-0.014022,6/30/2005,0.0057,0.0258,0.0283,0.0023,0.0205
86580,7/29/2005,NVDA,16382,0.012725,7/29/2005,0.0392,0.0291,-0.0079,0.0024,0.0006
86580,8/31/2005,NVDA,16382,0.133777,8/31/2005,-0.0122,-0.0097,0.0132,0.003,0.0208
86580,9/30/2005,NVDA,16382,0.11734,9/30/2005,0.0049,-0.0065,0.0071,0.0029,0.0343
86580,10/31/2005,NVDA,16382,-0.021295,10/31/2005,-0.0202,-0.0125,0.0042,0.0027,-0.0139
86580,11/30/2005,NVDA,16382,0.077496,11/30/2005,0.0361,0.01,-0.0116,0.0031,0.0035
86580,12/30/2005,NVDA,16382,0.011342,12/30/2005,-0.0025,-0.0042,0.002,0.0032,0.0077
86580,1/31/2006,NVDA,16382,0.229759,1/31/2006,0.0304,0.054,0.0108,0.0035,0.0253
86580,2/28/2006,NVDA,16382,0.048265,2/28/2006,-0.003,-0.0038,-0.0034,0.0034,-0.0184
86580,3/31/2006,NVDA,16382,0.214937,3/31/2006,0.0146,0.0344,0.006,0.0037,0.0126
86580,4/28/2006,NVDA,16382,0.020608,4/28/2006,0.0073,-0.0142,0.0234,0.0036,0.0064
86580,5/31/2006,NVDA,16382,-0.213552,5/31/2006,-0.0357,-0.0296,0.0241,0.0043,-0.037
86580,6/30/2006,NVDA,16382,-0.073542,6/30/2006,-0.0035,-0.0039,0.0085,0.004,0.0154
86580,7/31/2006,NVDA,16382,0.039925,7/31/2006,-0.0078,-0.0398,0.026,0.004,-0.0212
86580,8/31/2006,NVDA,16382,0.314815,8/31/2006,0.0203,0.0103,-0.0206,0.0042,-0.0338
86580,9/29/2006,NVDA,16382,0.016489,9/29/2006,0.0184,-0.0136,0.0008,0.0041,-0.0096
86580,10/31/2006,NVDA,16382,0.178439,10/31/2006,0.0323,0.0175,-0.0031,0.0041,-0.002
86580,11/30/2006,NVDA,16382,0.060797,11/30/2006,0.0171,0.007,0.0014,0.0042,-0.0103
86580,12/29/2006,NVDA,16382,0.000541,12/29/2006,0.0087,-0.0115,0.0273,0.004,0.0079
86580,1/31/2007,NVDA,16382,-0.171845,1/31/2007,0.014,0.0012,-0.0068,0.0044,0.0024
86580,2/28/2007,NVDA,16382,0.011419,2/28/2007,-0.0196,0.0119,-0.0014,0.0038,-0.0135
86580,3/30/2007,NVDA,16382,-0.071613,3/30/2007,0.0068,0.0016,-0.0097,0.0043,0.0256
86580,4/30/2007,NVDA,16382,0.142807,4/30/2007,0.0349,-0.0216,-0.0145,0.0044,-0.0024
86580,5/31/2007,NVDA,16382,0.053177,5/31/2007,0.0324,0.0024,-0.0065,0.0041,-0.0034
86580,6/29/2007,NVDA,16382,0.192586,6/29/2007,-0.0196,0.0075,-0.0105,0.004,0.0051
86580,7/31/2007,NVDA,16382,0.107722,7/31/2007,-0.0373,-0.0261,-0.0371,0.004,0.0294
86580,8/31/2007,NVDA,16382,0.118007,8/31/2007,0.0092,-0.0013,-0.0186,0.0042,0.001
86580,9/28/2007,NVDA,16382,0.062549,9/28/2007,0.0322,-0.0223,-0.0221,0.0032,0.0463
86580,10/31/2007,NVDA,16382,-0.023731,10/31/2007,0.018,0.0008,-0.0298,0.0032,0.0502
86580,11/30/2007,NVDA,16382,-0.108536,11/30/2007,-0.0483,-0.0293,-0.0094,0.0034,0.0099
86580,12/31/2007,NVDA,16382,0.07863,12/31/2007,-0.0087,0.0013,-0.0055,0.0027,0.0663
86580,1/31/2008,NVDA,16382,-0.27719,1/31/2008,-0.0636,-0.0103,0.0397,0.0021,-0.0775
86580,2/29/2008,NVDA,16382,-0.130134,2/29/2008,-0.0309,-0.0043,-0.0084,0.0013,0.061
86580,3/31/2008,NVDA,16382,-0.074801,3/31/2008,-0.0093,0.0071,0.003,0.0017,0.0427
86580,4/30/2008,NVDA,16382,0.038403,4/30/2008,0.046,-0.0172,-0.0094,0.0018,-0.0031
86580,5/30/2008,NVDA,16382,0.201947,5/30/2008,0.0186,0.0296,-0.0143,0.0018,0.0331
86580,6/30/2008,NVDA,16382,-0.242105,6/30/2008,-0.0844,0.0123,-0.0271,0.0017,0.1275
86580,7/31/2008,NVDA,16382,-0.388889,7/31/2008,-0.0077,0.026,0.0542,0.0015,-0.0513
86580,8/29/2008,NVDA,16382,0.104895,8/29/2008,0.0153,0.036,0.0159,0.0013,-0.0402
86580,9/30/2008,NVDA,16382,-0.15269,9/30/2008,-0.0924,-0.0123,0.0591,0.0015,0.0028
86580,10/31/2008,NVDA,16382,-0.182073,10/31/2008,-0.1723,-0.026,-0.023,0.0008,0.0785
86580,11/28/2008,NVDA,16382,-0.14726,11/28/2008,-0.0786,-0.0285,-0.0631,0.0003,0.0717
86580,12/31/2008,NVDA,16382,0.080321,12/31/2008,0.0174,0.0346,0.0014,0,-0.0509
86580,1/30/2009,NVDA,16382,-0.01487,1/30/2009,-0.0812,0.0007,-0.1129,0,-0.0218
86580,2/27/2009,NVDA,16382,0.041509,2/27/2009,-0.101,0.0005,-0.0695,0.0001,0.0441
86580,3/31/2009,NVDA,16382,0.190821,3/31/2009,0.0895,0.0003,0.0347,0.0002,-0.1187
86580,4/30/2009,NVDA,16382,0.1643,4/30/2009,0.1018,0.0539,0.0536,0.0001,-0.343
86580,5/29/2009,NVDA,16382,-0.091463,5/29/2009,0.0521,-0.0252,0.0028,0,-0.1249
86580,6/30/2009,NVDA,16382,0.082454,6/30/2009,0.0043,0.0263,-0.0273,0.0001,0.0548
86580,7/31/2009,NVDA,16382,0.145261,7/31/2009,0.0772,0.0187,0.0483,0.0001,-0.0555
86580,8/31/2009,NVDA,16382,0.12297,8/31/2009,0.0333,-0.0108,0.0763,0.0001,-0.0907
86580,9/30/2009,NVDA,16382,0.035124,9/30/2009,0.0408,0.0243,0.0104,0.0001,-0.0479
86580,10/30/2009,NVDA,16382,-0.204258,10/30/2009,-0.0259,-0.0435,-0.0421,0,0.0261
86580,11/30/2009,NVDA,16382,0.091973,11/30/2009,0.0556,-0.024,-0.0034,0,0.003
86580,12/31/2009,NVDA,16382,0.430322,12/31/2009,0.0275,0.0605,-0.0016,0.0001,0.0301
86580,1/29/2010,NVDA,16382,-0.176124,1/29/2010,-0.0336,0.004,0.0043,0,-0.054
86580,2/26/2010,NVDA,16382,0.052632,2/26/2010,0.034,0.0119,0.0322,0,0.0374
86580,3/31/2010,NVDA,16382,0.074074,3/31/2010,0.0631,0.0148,0.0221,0.0001,0.0376
86580,4/30/2010,NVDA,16382,-0.097126,4/30/2010,0.02,0.0487,0.0289,0.0001,0.0316
86580,5/28/2010,NVDA,16382,-0.16359,5/28/2010,-0.0789,0.0009,-0.0244,0.0001,-0.0025
86580,6/30/2010,NVDA,16382,-0.222983,6/30/2010,-0.0557,-0.0181,-0.047,0.0001,-0.0276
86580,7/30/2010,NVDA,16382,-0.099902,7/30/2010,0.0693,0.002,-0.0031,0.0001,0.0188
86580,8/31/2010,NVDA,16382,0.01469,8/31/2010,-0.0477,-0.03,-0.019,0.0001,-0.0006
86580,9/30/2010,NVDA,16382,0.252761,9/30/2010,0.0954,0.0396,-0.0316,0.0001,0.0141
86580,10/29/2010,NVDA,16382,0.028976,10/29/2010,0.0388,0.0113,-0.0242,0.0001,0.0158
86580,11/30/2010,NVDA,16382,0.132149,11/30/2010,0.006,0.0376,-0.0096,0.0001,0.0266
86580,12/31/2010,NVDA,16382,0.131604,12/31/2010,0.0682,0.0073,0.0369,0.0001,-0.0303
86580,1/31/2011,NVDA,16382,0.553247,1/31/2011,0.0199,-0.025,0.0082,0.0001,-0.0029
86580,2/28/2011,NVDA,16382,-0.052676,2/28/2011,0.0349,0.0153,0.0127,0.0001,0.0199
86580,3/31/2011,NVDA,16382,-0.185349,3/31/2011,0.0046,0.0254,-0.0183,0.0001,0.034
86580,4/29/2011,NVDA,16382,0.083424,4/29/2011,0.029,-0.0038,-0.0243,0,0.0004
86580,5/31/2011,NVDA,16382,0.002,5/31/2011,-0.0127,-0.0059,-0.0212,0,-0.0062
86580,6/30/2011,NVDA,16382,-0.20484,6/30/2011,-0.0175,-0.0012,-0.0042,0,0.0178
86580,7/29/2011,NVDA,16382,-0.132099,7/29/2011,-0.0235,-0.0127,-0.0089,0,0.0018
86580,8/31/2011,NVDA,16382,-0.037599,8/31/2011,-0.0599,-0.0305,-0.0236,0.0001,-0.0028
86580,9/30/2011,NVDA,16382,-0.060105,9/30/2011,-0.0759,-0.0331,-0.0173,0,-0.0242
86580,10/31/2011,NVDA,16382,0.183054,10/31/2011,0.1135,0.0328,0.0011,0,-0.0143
86580,11/30/2011,NVDA,16382,0.056081,11/30/2011,-0.0028,-0.0016,-0.0045,0,0.0384
86580,12/30/2011,NVDA,16382,-0.113244,12/30/2011,0.0074,-0.0059,0.0163,0,0.0181
86580,1/31/2012,NVDA,16382,0.065657,1/31/2012,0.0505,0.0204,-0.0097,0,-0.0791
86580,2/29/2012,NVDA,16382,0.025728,2/29/2012,0.0442,-0.0185,0.0043,0,-0.0029
86580,3/30/2012,NVDA,16382,0.016172,3/30/2012,0.0311,-0.0064,0.0114,0,0.013
86580,4/30/2012,NVDA,16382,-0.15557,4/30/2012,-0.0085,-0.0042,-0.0078,0,0.0375
86580,5/31/2012,NVDA,16382,-0.043846,5/31/2012,-0.0619,0.0007,-0.0107,0.0001,0.0649
86580,6/29/2012,NVDA,16382,0.111826,6/29/2012,0.0389,0.0067,0.0062,0,-0.0106
86580,7/31/2012,NVDA,16382,-0.02026,7/31/2012,0.0079,-0.0275,-0.0002,0,0.0304
86580,8/31/2012,NVDA,16382,0.036189,8/31/2012,0.0255,0.0047,0.013,0.0001,-0.0237
86580,9/28/2012,NVDA,16382,-0.04918,9/28/2012,0.0273,0.0051,0.016,0.0001,-0.0114
86580,10/31/2012,NVDA,16382,-0.102324,10/31/2012,-0.0176,-0.0115,0.0359,0.0001,0.0014
86580,11/30/2012,NVDA,16382,0.005846,11/30/2012,0.0078,0.0063,-0.0084,0.0001,0.0049
86580,12/31/2012,NVDA,16382,0.024227,12/31/2012,0.0118,0.0148,0.0351,0.0001,-0.0286
86580,1/31/2013,NVDA,16382,0,1/31/2013,0.0557,0.0034,0.0096,0,-0.0179
86580,2/28/2013,NVDA,16382,0.038744,2/28/2013,0.0129,-0.0027,0.0011,0,0.0129
86580,3/28/2013,NVDA,16382,0.013428,3/28/2013,0.0403,0.0081,-0.0019,0,0.0192
86580,4/30/2013,NVDA,16382,0.073266,4/30/2013,0.0155,-0.0237,0.0045,0,0.0022
86580,5/31/2013,NVDA,16382,0.056282,5/31/2013,0.028,0.0171,0.0263,0,-0.0202
86580,6/28/2013,NVDA,16382,-0.029717,6/28/2013,-0.012,0.0133,0.0003,0,0.0052
86580,7/31/2013,NVDA,16382,0.028134,7/31/2013,0.0565,0.0187,0.0057,0,0.0176
86580,8/30/2013,NVDA,16382,0.027018,8/30/2013,-0.0271,0.0027,-0.0269,0,0.0002
86580,9/30/2013,NVDA,16382,0.054915,9/30/2013,0.0377,0.0287,-0.0122,0,0.0306
86580,10/31/2013,NVDA,16382,-0.023843,10/31/2013,0.0418,-0.0152,0.0125,0,0.0008
86580,11/29/2013,NVDA,16382,0.032655,11/29/2013,0.0313,0.0129,0.0032,0,0.0044
86580,12/31/2013,NVDA,16382,0.026923,12/31/2013,0.0281,-0.0047,-0.0002,0,0.0002
86580,1/31/2014,NVDA,16382,-0.019975,1/31/2014,-0.0332,0.0089,-0.0207,0,0.0171
86580,2/28/2014,NVDA,16382,0.176115,2/28/2014,0.0465,0.0034,-0.0031,0,0.0207
86580,3/31/2014,NVDA,16382,-0.025571,3/31/2014,0.0043,-0.0181,0.0493,0,-0.0329
86580,4/30/2014,NVDA,16382,0.031267,4/30/2014,-0.0019,-0.0418,0.0117,0,-0.0389
86580,5/30/2014,NVDA,16382,0.033297,5/30/2014,0.0206,-0.0188,-0.0013,0,0.0087
86580,6/30/2014,NVDA,16382,-0.02421,6/30/2014,0.0261,0.0309,-0.007,0,0.0069
86580,7/31/2014,NVDA,16382,-0.056095,7/31/2014,-0.0204,-0.043,0.0004,0,-0.0012
86580,8/29/2014,NVDA,16382,0.116286,8/29/2014,0.0424,0.004,-0.0045,0,0.0082
86580,9/30/2014,NVDA,16382,-0.051414,9/30/2014,-0.0197,-0.037,-0.0135,0,0.005
86580,10/31/2014,NVDA,16382,0.059079,10/31/2014,0.0252,0.042,-0.018,0,-0.0006
86580,11/28/2014,NVDA,16382,0.077533,11/28/2014,0.0255,-0.0206,-0.031,0,0.0068
86580,12/31/2014,NVDA,16382,-0.043872,12/31/2014,-0.0006,0.0249,0.0227,0,0.0112
86580,1/30/2015,NVDA,16382,-0.042145,1/30/2015,-0.0311,-0.0056,-0.0359,0,0.0384
86580,2/27/2015,NVDA,16382,0.153085,2/27/2015,0.0613,0.0063,-0.0186,0,-0.0282
86580,3/31/2015,NVDA,16382,-0.051451,3/31/2015,-0.0112,0.0304,-0.0038,0,0.0274
86580,4/30/2015,NVDA,16382,0.060693,4/30/2015,0.0059,-0.0306,0.0182,0,-0.0727
86580,5/29/2015,NVDA,16382,0.001464,5/29/2015,0.0136,0.0094,-0.0115,0,0.0582
86580,6/30/2015,NVDA,16382,-0.091279,6/30/2015,-0.0153,0.0291,-0.0079,0,0.0301
86580,7/31/2015,NVDA,16382,-0.007956,7/31/2015,0.0154,-0.0417,-0.0413,0,0.0998
86580,8/31/2015,NVDA,16382,0.131704,8/31/2015,-0.0604,0.0033,0.0277,0,-0.0209
86580,9/30/2015,NVDA,16382,0.09653,9/30/2015,-0.0307,-0.0262,0.0056,0,0.0522
86580,10/30/2015,NVDA,16382,0.150913,10/30/2015,0.0775,-0.0189,-0.0046,0,-0.0328
86580,11/30/2015,NVDA,16382,0.122136,11/30/2015,0.0057,0.0359,-0.0042,0,0.0228
86580,12/31/2015,NVDA,16382,0.039092,12/31/2015,-0.0217,-0.0285,-0.0261,0.0001,0.0336
86580,1/29/2016,NVDA,16382,-0.111347,1/29/2016,-0.0577,-0.0342,0.0209,0.0001,0.0144
86580,2/29/2016,NVDA,16382,0.074599,2/29/2016,-0.0007,0.0074,-0.0057,0.0002,-0.0438
86580,3/31/2016,NVDA,16382,0.136161,3/31/2016,0.0696,0.0082,0.0119,0.0002,-0.0501
86580,4/29/2016,NVDA,16382,-0.002807,4/29/2016,0.0091,0.0076,0.0328,0.0001,-0.0602
86580,5/31/2016,NVDA,16382,0.318182,5/31/2016,0.0178,-0.0017,-0.0166,0.0001,0.0143
86580,6/30/2016,NVDA,16382,0.006207,6/30/2016,-0.0005,0.0061,-0.0148,0.0002,0.0415
86580,7/29/2016,NVDA,16382,0.214635,7/29/2016,0.0395,0.0249,-0.0132,0.0002,-0.0334
86580,8/31/2016,NVDA,16382,0.07627,8/31/2016,0.0049,0.0116,0.0318,0.0002,-0.0348
86580,9/30/2016,NVDA,16382,0.117052,9/30/2016,0.0025,0.0212,-0.0124,0.0002,0.0019
86580,10/31/2016,NVDA,16382,0.038529,10/31/2016,-0.0202,-0.044,0.0409,0.0002,0.0059
86580,11/30/2016,NVDA,16382,0.297639,11/30/2016,0.0486,0.0571,0.0821,0.0001,-0.0463
86580,12/30/2016,NVDA,16382,0.157701,12/30/2016,0.0182,0.001,0.0353,0.0003,-0.0025
86580,1/31/2017,NVDA,16382,0.022859,1/31/2017,0.0194,-0.0118,-0.0275,0.0004,-0.0093
86580,2/28/2017,NVDA,16382,-0.069243,2/28/2017,0.0357,-0.0205,-0.0167,0.0004,-0.0165
86580,3/31/2017,NVDA,16382,0.073413,3/31/2017,0.0017,0.0114,-0.0335,0.0003,-0.0103
86580,4/28/2017,NVDA,16382,-0.042504,4/28/2017,0.0109,0.0073,-0.0213,0.0005,0.0049
86580,5/31/2017,NVDA,16382,0.385331,5/31/2017,0.0106,-0.0257,-0.0378,0.0006,0.0148
86580,6/30/2017,NVDA,16382,0.001455,6/30/2017,0.0078,0.0225,0.0148,0.0006,-0.0011
86580,7/31/2017,NVDA,16382,0.12417,7/31/2017,0.0187,-0.015,-0.0031,0.0007,0.0169
86580,8/31/2017,NVDA,16382,0.043505,8/31/2017,0.0016,-0.0167,-0.021,0.0009,0.033
86580,9/29/2017,NVDA,16382,0.055064,9/29/2017,0.0251,0.0447,0.0312,0.0009,-0.0133
86580,10/31/2017,NVDA,16382,0.15685,10/31/2017,0.0225,-0.0194,0.0019,0.0009,0.0427
86580,11/30/2017,NVDA,16382,-0.02877,11/30/2017,0.0312,-0.0054,-0.0003,0.0008,-0.0092
86580,12/29/2017,NVDA,16382,-0.035923,12/29/2017,0.0106,-0.0132,0.0006,0.0009,-0.0154
86580,1/31/2018,NVDA,16382,0.270284,1/31/2018,0.0557,-0.0312,-0.0128,0.0012,0.0405
86580,2/28/2018,NVDA,16382,-0.014849,2/28/2018,-0.0365,0.0026,-0.0104,0.0011,0.0355
86580,3/29/2018,NVDA,16382,-0.043017,3/29/2018,-0.0235,0.0406,-0.002,0.0011,-0.0113
86580,4/30/2018,NVDA,16382,-0.028887,4/30/2018,0.0029,0.0113,0.0054,0.0014,0.0037
86580,5/31/2018,NVDA,16382,0.12201,5/31/2018,0.0265,0.0526,-0.0322,0.0014,0.0387
86580,6/29/2018,NVDA,16382,-0.060629,6/29/2018,0.0048,0.0114,-0.0233,0.0014,-0.0236
86580,7/31/2018,NVDA,16382,0.033601,7/31/2018,0.0319,-0.0222,0.0045,0.0016,-0.0142
86580,8/31/2018,NVDA,16382,0.1469,8/31/2018,0.0344,0.0115,-0.04,0.0016,0.0528
86580,9/28/2018,NVDA,16382,0.001211,9/28/2018,0.0006,-0.0229,-0.0171,0.0015,0.0004
86580,10/31/2018,NVDA,16382,-0.249769,10/31/2018,-0.0768,-0.0474,0.034,0.0019,-0.0207
86580,11/30/2018,NVDA,16382,-0.224067,11/30/2018,0.0169,-0.0068,0.0028,0.0018,-0.0137
86580,12/31/2018,NVDA,16382,-0.183136,12/31/2018,-0.0957,-0.0237,-0.0188,0.002,0.0211
86580,1/31/2019,NVDA,16382,0.076779,1/31/2019,0.084,0.0288,-0.0045,0.0021,-0.0866
86580,2/28/2019,NVDA,16382,0.074226,2/28/2019,0.034,0.0206,-0.0271,0.0018,0.0085
86580,3/29/2019,NVDA,16382,0.164009,3/29/2019,0.011,-0.0305,-0.0412,0.0019,0.0219
86580,4/30/2019,NVDA,16382,0.00802,4/30/2019,0.0397,-0.0172,0.0216,0.0021,-0.0297
86580,5/31/2019,NVDA,16382,-0.250718,5/31/2019,-0.0694,-0.0131,-0.0237,0.0021,0.0758
86580,6/28/2019,NVDA,16382,0.212387,6/28/2019,0.0693,0.0028,-0.007,0.0018,-0.0225
86580,7/31/2019,NVDA,16382,0.02734,7/31/2019,0.0119,-0.0193,0.0047,0.0019,0.0288
86580,8/30/2019,NVDA,16382,-0.006223,8/30/2019,-0.0258,-0.0239,-0.0479,0.0016,0.0691
86580,9/30/2019,NVDA,16382,0.039162,9/30/2019,0.0143,-0.0097,0.0677,0.0018,-0.0683
86580,10/31/2019,NVDA,16382,0.154823,10/31/2019,0.0206,0.0029,-0.019,0.0016,0.0015
86580,11/29/2019,NVDA,16382,0.078997,11/29/2019,0.0388,0.0078,-0.0199,0.0012,-0.0264
86580,12/31/2019,NVDA,16382,0.085633,12/31/2019,0.0277,0.0073,0.0178,0.0014,-0.0187
86580,1/31/2020,NVDA,16382,0.004802,1/31/2020,-0.0011,-0.0313,-0.0625,0.0013,0.0597
86580,2/28/2020,NVDA,16382,0.14296,2/28/2020,-0.0813,0.0107,-0.038,0.0012,-0.0035
86580,3/31/2020,NVDA,16382,-0.023957,3/31/2020,-0.1339,-0.0479,-0.1388,0.0013,0.0796
86580,4/30/2020,NVDA,16382,0.108801,4/30/2020,0.1365,0.0245,-0.0134,0,-0.0526
86580,5/29/2020,NVDA,16382,0.214657,5/29/2020,0.0558,0.0249,-0.0485,0.0001,0.0041
86580,6/30/2020,NVDA,16382,0.070559,6/30/2020,0.0246,0.0269,-0.0223,0.0001,-0.0073
86580,7/31/2020,NVDA,16382,0.117607,7/31/2020,0.0577,-0.023,-0.0144,0.0001,0.0759
86580,8/31/2020,NVDA,16382,0.259992,8/31/2020,0.0763,-0.0028,-0.0288,0.0001,0.0044
86580,9/30/2020,NVDA,16382,0.011963,9/30/2020,-0.0363,-0.0003,-0.0265,0.0001,0.0314
86580,10/30/2020,NVDA,16382,-0.073648,10/30/2020,-0.021,0.0427,0.0431,0.0001,-0.032
86580,11/30/2020,NVDA,16382,0.069212,11/30/2020,0.1247,0.0572,0.0215,0.0001,-0.1247
86580,12/31/2020,NVDA,16382,-0.025557,12/31/2020,0.0463,0.0479,-0.0134,0.0001,-0.0238
86580,1/29/2021,NVDA,16382,-0.004998,1/29/2021,-0.0003,0.075,0.0285,0.0001,0.0453
86580,2/26/2021,NVDA,16382,0.055794,2/26/2021,0.0278,0.0207,0.071,0,-0.0793
86580,3/31/2021,NVDA,16382,-0.026414,3/31/2021,0.0308,-0.0228,0.0727,0,-0.0616
86580,4/30/2021,NVDA,16382,0.124455,4/30/2021,0.0493,-0.032,-0.0095,0,0.0122
86580,5/28/2021,NVDA,16382,0.082281,5/28/2021,0.0029,-0.0027,0.0713,0,0.009
86580,6/30/2021,NVDA,16382,0.231586,6/30/2021,0.0275,0.016,-0.0775,0,0.0216
86580,7/30/2021,NVDA,16382,-0.025172,7/30/2021,0.0127,-0.0394,-0.0181,0,-0.0231
86580,8/31/2021,NVDA,16382,0.148213,8/31/2021,0.0291,-0.0046,-0.001,0,0.0249
86580,9/30/2021,NVDA,16382,-0.074559,9/30/2021,-0.0437,0.0067,0.051,0,0.015
86580,10/29/2021,NVDA,16382,0.234167,10/29/2021,0.0665,-0.0237,-0.0045,0,0.0324
86580,11/30/2021,NVDA,16382,0.278054,11/30/2021,-0.0155,-0.0132,-0.0041,0,0.0086
86580,12/31/2021,NVDA,16382,-0.099798,12/31/2021,0.031,-0.0164,0.0322,0.0001,-0.0274
86580,1/31/2022,NVDA,16382,-0.167454,1/31/2022,-0.0625,-0.0596,0.128,0,-0.0262
86580,2/28/2022,NVDA,16382,-0.004125,2/28/2022,-0.0229,0.0219,0.031,0,0.0177
86580,3/31/2022,NVDA,16382,0.119131,3/31/2022,0.0306,-0.0166,-0.0176,0.0001,0.0297
86580,4/29/2022,NVDA,16382,-0.320274,4/29/2022,-0.0946,-0.0138,0.0617,0.0001,0.0487
86580,5/31/2022,NVDA,16382,0.00674,5/31/2022,-0.0034,-0.0196,0.0859,0.0003,0.0246
86580,6/30/2022,NVDA,16382,-0.187928,6/30/2022,-0.0844,0.0218,-0.061,0.0006,0.0073
86580,7/29/2022,NVDA,16382,0.198166,7/29/2022,0.0957,0.028,-0.0403,0.0008,-0.0394
86580,8/31/2022,NVDA,16382,-0.16897,8/31/2022,-0.0377,0.014,0.0029,0.0019,0.021
86580,9/30/2022,NVDA,16382,-0.195508,9/30/2022,-0.0935,-0.0082,0.0002,0.0019,0.0351
86580,10/31/2022,NVDA,16382,0.111871,10/31/2022,0.0783,0.0007,0.0806,0.0023,0.0396
86580,11/30/2022,NVDA,16382,0.254131,11/30/2022,0.0461,-0.0351,0.0141,0.0029,-0.0198
86580,12/30/2022,NVDA,16382,-0.136442,12/30/2022,-0.0641,-0.0069,0.0134,0.0033,0.0453
86580,1/31/2023,NVDA,16382,0.336869,1/31/2023,0.0664,0.0501,-0.04,0.0035,-0.1602
86580,2/28/2023,NVDA,16382,0.188309,2/28/2023,-0.0259,0.0117,-0.0083,0.0034,0.0013
86580,3/31/2023,NVDA,16382,0.196632,3/31/2023,0.0251,-0.0551,-0.0887,0.0036,-0.0245
86580,4/28/2023,NVDA,16382,-0.001008,4/28/2023,0.0061,-0.0336,-0.0005,0.0035,0.0162
86580,5/31/2023,NVDA,16382,0.363437,5/31/2023,0.0035,0.016,-0.0774,0.0036,-0.0065
86580,6/30/2023,NVDA,16382,0.118201,6/30/2023,0.0647,0.0155,-0.002,0.004,-0.0235
86580,7/31/2023,NVDA,16382,0.104652,7/31/2023,0.0321,0.0205,0.0411,0.0045,-0.0405
86580,8/31/2023,NVDA,16382,0.056196,8/31/2023,-0.0239,-0.032,-0.0108,0.0045,0.0377
86580,9/29/2023,NVDA,16382,-0.11857,9/29/2023,-0.0524,-0.0249,0.0145,0.0043,0.0024
86580,10/31/2023,NVDA,16382,-0.062507,10/31/2023,-0.0318,-0.0388,0.0019,0.0047,0.0168
86580,11/30/2023,NVDA,16382,0.146886,11/30/2023,0.0883,-0.0003,0.0166,0.0044,0.0276
86580,12/29/2023,NVDA,16382,0.058927,12/29/2023,0.0487,0.0636,0.0492,0.0043,-0.0548
10107,12/31/2003,MSFT,8048,0.064566,,,,,,
10107,1/30/2004,MSFT,8048,0.01023,,,,,,
10107,2/27/2004,MSFT,8048,-0.040506,,,,,,
10107,3/31/2004,MSFT,8048,-0.060309,,,,,,
10107,4/30/2004,MSFT,8048,0.048135,,,,,,
10107,5/28/2004,MSFT,8048,0.003827,,,,,,
10107,6/30/2004,MSFT,8048,0.08883,,,,,,
10107,7/30/2004,MSFT,8048,-0.002451,,,,,,
10107,8/31/2004,MSFT,8048,-0.038961,,,,,,
10107,9/30/2004,MSFT,8048,0.012821,,,,,,
10107,10/29/2004,MSFT,8048,0.011573,,,,,,
10107,11/30/2004,MSFT,8048,0.068645,,,,,,
10107,12/31/2004,MSFT,8048,-0.003357,,,,,,
10107,1/31/2005,MSFT,8048,-0.016467,,,,,,
10107,2/28/2005,MSFT,8048,-0.039574,,,,,,
10107,3/31/2005,MSFT,8048,-0.039348,,,,,,
10107,4/29/2005,MSFT,8048,0.046752,,,,,,
10107,5/31/2005,MSFT,8048,0.022925,,,,,,
10107,6/30/2005,MSFT,8048,-0.037209,,,,,,
10107,7/29/2005,MSFT,8048,0.030998,,,,,,
10107,8/31/2005,MSFT,8048,0.072237,,,,,,
10107,9/30/2005,MSFT,8048,-0.060263,,,,,,
10107,10/31/2005,MSFT,8048,-0.001166,,,,,,
10107,11/30/2005,MSFT,8048,0.080156,,,,,,
10107,12/30/2005,MSFT,8048,-0.055275,,,,,,
10107,1/31/2006,MSFT,8048,0.076482,,,,,,
10107,2/28/2006,MSFT,8048,-0.042273,,,,,,
10107,3/31/2006,MSFT,8048,0.012653,,,,,,
10107,4/28/2006,MSFT,8048,-0.112459,,,,,,
10107,5/31/2006,MSFT,8048,-0.058385,,,,,,
10107,6/30/2006,MSFT,8048,0.028698,,,,,,
10107,7/31/2006,MSFT,8048,0.032618,,,,,,
10107,8/31/2006,MSFT,8048,0.071904,,,,,,
10107,9/29/2006,MSFT,8048,0.064202,,,,,,
10107,10/31/2006,MSFT,8048,0.049726,,,,,,
10107,11/30/2006,MSFT,8048,0.026123,,,,,,
10107,12/29/2006,MSFT,8048,0.01703,,,,,,
10107,1/31/2007,MSFT,8048,0.03349,,,,,,
10107,2/28/2007,MSFT,8048,-0.083927,,,,,,
10107,3/30/2007,MSFT,8048,-0.01065,,,,,,
10107,4/30/2007,MSFT,8048,0.074273,,,,,,
10107,5/31/2007,MSFT,8048,0.028393,,,,,,
10107,6/29/2007,MSFT,8048,-0.039756,,,,,,
10107,7/31/2007,MSFT,8048,-0.016288,,,,,,
10107,8/31/2007,MSFT,8048,-0.005519,,,,,,
10107,9/28/2007,MSFT,8048,0.025409,,,,,,
10107,10/31/2007,MSFT,8048,0.249491,,,,,,
10107,11/30/2007,MSFT,8048,-0.084216,,,,,,
10107,12/31/2007,MSFT,8048,0.059524,,,,,,
10107,1/31/2008,MSFT,8048,-0.08427,,,,,,
10107,2/29/2008,MSFT,8048,-0.162273,,,,,,
10107,3/31/2008,MSFT,8048,0.043386,,,,,,
10107,4/30/2008,MSFT,8048,0.004933,,,,,,
10107,5/30/2008,MSFT,8048,-0.003156,,,,,,
10107,6/30/2008,MSFT,8048,-0.028602,,,,,,
10107,7/31/2008,MSFT,8048,-0.065067,,,,,,
10107,8/29/2008,MSFT,8048,0.065319,,,,,,
10107,9/30/2008,MSFT,8048,-0.021986,,,,,,
10107,10/31/2008,MSFT,8048,-0.163357,,,,,,
10107,11/28/2008,MSFT,8048,-0.08867,,,,,,
10107,12/31/2008,MSFT,8048,-0.038576,,,,,,
10107,1/30/2009,MSFT,8048,-0.12037,,,,,,
10107,2/27/2009,MSFT,8048,-0.047953,,,,,,
10107,3/31/2009,MSFT,8048,0.137461,,,,,,
10107,4/30/2009,MSFT,8048,0.102885,,,,,,
10107,5/29/2009,MSFT,8048,0.037512,,,,,,
10107,6/30/2009,MSFT,8048,0.137865,,,,,,
10107,7/31/2009,MSFT,8048,-0.010517,,,,,,
10107,8/31/2009,MSFT,8048,0.053571,,,,,,
10107,9/30/2009,MSFT,8048,0.043408,,,,,,
10107,10/30/2009,MSFT,8048,0.078149,,,,,,
10107,11/30/2009,MSFT,8048,0.065272,,,,,,
10107,12/31/2009,MSFT,8048,0.036382,,,,,,
10107,1/29/2010,MSFT,8048,-0.075459,,,,,,
10107,2/26/2010,MSFT,8048,0.022001,,,,,,
10107,3/31/2010,MSFT,8048,0.021538,,,,,,
10107,4/30/2010,MSFT,8048,0.042595,,,,,,
10107,5/28/2010,MSFT,8048,-0.150811,,,,,,
10107,6/30/2010,MSFT,8048,-0.10814,,,,,,
10107,7/30/2010,MSFT,8048,0.121686,,,,,,
10107,8/31/2010,MSFT,8048,-0.085819,,,,,,
10107,9/30/2010,MSFT,8048,0.043682,,,,,,
10107,10/29/2010,MSFT,8048,0.088812,,,,,,
10107,11/30/2010,MSFT,8048,-0.046784,,,,,,
10107,12/31/2010,MSFT,8048,0.105018,,,,,,
10107,1/31/2011,MSFT,8048,-0.006628,,,,,,
10107,2/28/2011,MSFT,8048,-0.035528,,,,,,
10107,3/31/2011,MSFT,8048,-0.044771,,,,,,
10107,4/29/2011,MSFT,8048,0.020874,,,,,,
10107,5/31/2011,MSFT,8048,-0.028935,,,,,,
10107,6/30/2011,MSFT,8048,0.039584,,,,,,
10107,7/29/2011,MSFT,8048,0.053846,,,,,,
10107,8/31/2011,MSFT,8048,-0.023358,,,,,,
10107,9/30/2011,MSFT,8048,-0.064286,,,,,,
10107,10/31/2011,MSFT,8048,0.069908,,,,,,
10107,11/30/2011,MSFT,8048,-0.031919,,,,,,
10107,12/30/2011,MSFT,8048,0.014855,,,,,,
10107,1/31/2012,MSFT,8048,0.137519,,,,,,
10107,2/29/2012,MSFT,8048,0.081612,,,,,,
10107,3/30/2012,MSFT,8048,0.016226,,,,,,
10107,4/30/2012,MSFT,8048,-0.007441,,,,,,
10107,5/31/2012,MSFT,8048,-0.081993,,,,,,
10107,6/29/2012,MSFT,8048,0.047962,,,,,,
10107,7/31/2012,MSFT,8048,-0.036613,,,,,,
10107,8/31/2012,MSFT,8048,0.052596,,,,,,
10107,9/28/2012,MSFT,8048,-0.034393,,,,,,
10107,10/31/2012,MSFT,8048,-0.040995,,,,,,
10107,11/30/2012,MSFT,8048,-0.05939,,,,,,
10107,12/31/2012,MSFT,8048,0.003558,,,,,,
10107,1/31/2013,MSFT,8048,0.027717,,,,,,
10107,2/28/2013,MSFT,8048,0.021129,,,,,,
10107,3/28/2013,MSFT,8048,0.028957,,,,,,
10107,4/30/2013,MSFT,8048,0.15714,,,,,,
10107,5/31/2013,MSFT,8048,0.061329,,,,,,
10107,6/28/2013,MSFT,8048,-0.010172,,,,,,
10107,7/31/2013,MSFT,8048,-0.078304,,,,,,
10107,8/30/2013,MSFT,8048,0.056219,,,,,,
10107,9/30/2013,MSFT,8048,-0.003593,,,,,,
10107,10/31/2013,MSFT,8048,0.063852,,,,,,
10107,11/29/2013,MSFT,8048,0.084875,,,,,,
10107,12/31/2013,MSFT,8048,-0.018883,,,,,,
10107,1/31/2014,MSFT,8048,0.011494,,,,,,
10107,2/28/2014,MSFT,8048,0.01982,,,,,,
10107,3/31/2014,MSFT,8048,0.069956,,,,,,
10107,4/30/2014,MSFT,8048,-0.014394,,,,,,
10107,5/30/2014,MSFT,8048,0.020297,,,,,,
10107,6/30/2014,MSFT,8048,0.018564,,,,,,
10107,7/31/2014,MSFT,8048,0.035012,,,,,,
10107,8/29/2014,MSFT,8048,0.059082,,,,,,
10107,9/30/2014,MSFT,8048,0.020471,,,,,,
10107,10/31/2014,MSFT,8048,0.012726,,,,,,
10107,11/28/2014,MSFT,8048,0.02492,,,,,,
10107,12/31/2014,MSFT,8048,-0.028446,,,,,,
10107,1/30/2015,MSFT,8048,-0.130248,,,,,,
10107,2/27/2015,MSFT,8048,0.093069,,,,,,
10107,3/31/2015,MSFT,8048,-0.072862,,,,,,
10107,4/30/2015,MSFT,8048,0.196409,,,,,,
10107,5/29/2015,MSFT,8048,-0.030222,,,,,,
10107,6/30/2015,MSFT,8048,-0.057832,,,,,,
10107,7/31/2015,MSFT,8048,0.057758,,,,,,
10107,8/31/2015,MSFT,8048,-0.061456,,,,,,
10107,9/30/2015,MSFT,8048,0.017004,,,,,,
10107,10/30/2015,MSFT,8048,0.189336,,,,,,
10107,11/30/2015,MSFT,8048,0.039324,,,,,,
10107,12/31/2015,MSFT,8048,0.020791,,,,,,
10107,1/29/2016,MSFT,8048,-0.00703,,,,,,
10107,2/29/2016,MSFT,8048,-0.069886,,,,,,
10107,3/31/2016,MSFT,8048,0.085495,,,,,,
10107,4/29/2016,MSFT,8048,-0.097049,,,,,,
10107,5/31/2016,MSFT,8048,0.069982,,,,,,
10107,6/30/2016,MSFT,8048,-0.034528,,,,,,
10107,7/29/2016,MSFT,8048,0.10768,,,,,,
10107,8/31/2016,MSFT,8048,0.020113,,,,,,
10107,9/30/2016,MSFT,8048,0.002436,,,,,,
10107,10/31/2016,MSFT,8048,0.040278,,,,,,
10107,11/30/2016,MSFT,8048,0.012183,,,,,,
10107,12/30/2016,MSFT,8048,0.031198,,,,,,
10107,1/31/2017,MSFT,8048,0.040393,,,,,,
10107,2/28/2017,MSFT,8048,-0.004331,,,,,,
10107,3/31/2017,MSFT,8048,0.029384,,,,,,
10107,4/28/2017,MSFT,8048,0.039478,,,,,,
10107,5/31/2017,MSFT,8048,0.025854,,,,,,
10107,6/30/2017,MSFT,8048,-0.01303,,,,,,
10107,7/31/2017,MSFT,8048,0.054693,,,,,,
10107,8/31/2017,MSFT,8048,0.033838,,,,,,
10107,9/29/2017,MSFT,8048,-0.003745,,,,,,
10107,10/31/2017,MSFT,8048,0.11666,,,,,,
10107,11/30/2017,MSFT,8048,0.016951,,,,,,
10107,12/29/2017,MSFT,8048,0.016277,,,,,,
10107,1/31/2018,MSFT,8048,0.110708,,,,,,
10107,2/28/2018,MSFT,8048,-0.008631,,,,,,
10107,3/29/2018,MSFT,8048,-0.026661,,,,,,
10107,4/30/2018,MSFT,8048,0.024652,,,,,,
10107,5/31/2018,MSFT,8048,0.061377,,,,,,
10107,6/29/2018,MSFT,8048,-0.002327,,,,,,
10107,7/31/2018,MSFT,8048,0.075753,,,,,,
10107,8/31/2018,MSFT,8048,0.062877,,,,,,
10107,9/28/2018,MSFT,8048,0.018161,,,,,,
10107,10/31/2018,MSFT,8048,-0.066101,,,,,,
10107,11/30/2018,MSFT,8048,0.042505,,,,,,
10107,12/31/2018,MSFT,8048,-0.084047,,,,,,
10107,1/31/2019,MSFT,8048,0.028158,,,,,,
10107,2/28/2019,MSFT,8048,0.077181,,,,,,
10107,3/29/2019,MSFT,8048,0.052754,,,,,,
10107,4/30/2019,MSFT,8048,0.107343,,,,,,
10107,5/31/2019,MSFT,8048,-0.049464,,,,,,
10107,6/28/2019,MSFT,8048,0.083118,,,,,,
10107,7/31/2019,MSFT,8048,0.017244,,,,,,
10107,8/30/2019,MSFT,8048,0.015044,,,,,,
10107,9/30/2019,MSFT,8048,0.008487,,,,,,
10107,10/31/2019,MSFT,8048,0.031216,,,,,,
10107,11/29/2019,MSFT,8048,0.059427,,,,,,
10107,12/31/2019,MSFT,8048,0.041749,,,,,,
10107,1/31/2020,MSFT,8048,0.079455,,,,,,
10107,2/28/2020,MSFT,8048,-0.045292,,,,,,
10107,3/31/2020,MSFT,8048,-0.026541,,,,,,
10107,4/30/2020,MSFT,8048,0.136326,,,,,,
10107,5/29/2020,MSFT,8048,0.025389,,,,,,
10107,6/30/2020,MSFT,8048,0.110559,,,,,,
10107,7/31/2020,MSFT,8048,0.007371,,,,,,
10107,8/31/2020,MSFT,8048,0.10258,,,,,,
10107,9/30/2020,MSFT,8048,-0.067397,,,,,,
10107,10/30/2020,MSFT,8048,-0.03737,,,,,,
10107,11/30/2020,MSFT,8048,0.060058,,,,,,
10107,12/31/2020,MSFT,8048,0.039006,,,,,,
10107,1/29/2021,MSFT,8048,0.042892,,,,,,
10107,2/26/2021,MSFT,8048,0.004225,,,,,,
10107,3/31/2021,MSFT,8048,0.014588,,,,,,
10107,4/30/2021,MSFT,8048,0.069602,,,,,,
10107,5/28/2021,MSFT,8048,-0.007693,,,,,,
10107,6/30/2021,MSFT,8048,0.084989,,,,,,
10107,7/30/2021,MSFT,8048,0.051717,,,,,,
10107,8/31/2021,MSFT,8048,0.061528,,,,,,
10107,9/30/2021,MSFT,8048,-0.066119,,,,,,
10107,10/29/2021,MSFT,8048,0.176291,,,,,,
10107,11/30/2021,MSFT,8048,-0.001236,,,,,,
10107,12/31/2021,MSFT,8048,0.017333,,,,,,
10107,1/31/2022,MSFT,8048,-0.075345,,,,,,
10107,2/28/2022,MSFT,8048,-0.037205,,,,,,
10107,3/31/2022,MSFT,8048,0.031862,,,,,,
10107,4/29/2022,MSFT,8048,-0.099867,,,,,,
10107,5/31/2022,MSFT,8048,-0.018125,,,,,,
10107,6/30/2022,MSFT,8048,-0.055321,,,,,,
10107,7/29/2022,MSFT,8048,0.093097,,,,,,
10107,8/31/2022,MSFT,8048,-0.066432,,,,,,
10107,9/30/2022,MSFT,8048,-0.109267,,,,,,
10107,10/31/2022,MSFT,8048,-0.003306,,,,,,
10107,11/30/2022,MSFT,8048,0.102055,,,,,,
10107,12/30/2022,MSFT,8048,-0.060045,,,,,,
10107,1/31/2023,MSFT,8048,0.033317,,,,,,
10107,2/28/2023,MSFT,8048,0.009241,,,,,,
10107,3/31/2023,MSFT,8048,0.155882,,,,,,
10107,4/28/2023,MSFT,8048,0.065765,,,,,,
10107,5/31/2023,MSFT,8048,0.070982,,,,,,
10107,6/30/2023,MSFT,8048,0.036999,,,,,,
10107,7/31/2023,MSFT,8048,-0.013567,,,,,,
10107,8/31/2023,MSFT,8048,-0.022267,,,,,,
10107,9/29/2023,MSFT,8048,-0.036643,,,,,,
10107,10/31/2023,MSFT,8048,0.070815,,,,,,
10107,11/30/2023,MSFT,8048,0.122889,,,,,,
10107,12/29/2023,MSFT,8048,-0.007574,,,,,,
89393,12/31/2003,NFLX,43145,0.116122,,,,,,
89393,1/30/2004,NFLX,43145,0.342293,,,,,,
89393,2/27/2004,NFLX,43145,-0.062798,,,,,,
89393,3/31/2004,NFLX,43145,-0.00814,,,,,,
89393,4/30/2004,NFLX,43145,-0.256741,,,,,,
89393,5/28/2004,NFLX,43145,0.298107,,,,,,
89393,6/30/2004,NFLX,43145,0.09356,,,,,,
89393,7/30/2004,NFLX,43145,-0.430556,,,,,,
89393,8/31/2004,NFLX,43145,-0.319512,,,,,,
89393,9/30/2004,NFLX,43145,0.105376,,,,,,
89393,10/29/2004,NFLX,43145,-0.385862,,,,,,
89393,11/30/2004,NFLX,43145,0.20169,,,,,,
89393,12/31/2004,NFLX,43145,0.08348,,,,,,
89393,1/31/2005,NFLX,43145,-0.067315,,,,,,
89393,2/28/2005,NFLX,43145,-0.069565,,,,,,
89393,3/31/2005,NFLX,43145,0.014019,,,,,,
89393,4/29/2005,NFLX,43145,0.064516,,,,,,
89393,5/31/2005,NFLX,43145,0.237229,,,,,,
89393,6/30/2005,NFLX,43145,0.148355,,,,,,
89393,7/29/2005,NFLX,43145,0.131018,,,,,,
89393,8/31/2005,NFLX,43145,0.161638,,,,,,
89393,9/30/2005,NFLX,43145,0.205473,,,,,,
89393,10/31/2005,NFLX,43145,0.01616,,,,,,
89393,11/30/2005,NFLX,43145,0.042787,,,,,,
89393,12/30/2005,NFLX,43145,-0.017429,,,,,,
89393,1/31/2006,NFLX,43145,0.018108,,,,,,
89393,2/28/2006,NFLX,43145,-0.02686,,,,,,
89393,3/31/2006,NFLX,43145,0.081313,,,,,,
89393,4/28/2006,NFLX,43145,0.022422,,,,,,
89393,5/31/2006,NFLX,43145,-0.065789,,,,,,
89393,6/30/2006,NFLX,43145,-0.017335,,,,,,
89393,7/31/2006,NFLX,43145,-0.239618,,,,,,
89393,8/31/2006,NFLX,43145,-0.032383,,,,,,
89393,9/29/2006,NFLX,43145,0.137862,,,,,,
89393,10/31/2006,NFLX,43145,0.214223,,,,,,
89393,11/30/2006,NFLX,43145,0.058568,,,,,,
89393,12/29/2006,NFLX,43145,-0.116803,,,,,,
89393,1/31/2007,NFLX,43145,-0.117943,,,,,,
89393,2/28/2007,NFLX,43145,-0.012275,,,,,,
89393,3/30/2007,NFLX,43145,0.029294,,,,,,
89393,4/30/2007,NFLX,43145,-0.043984,,,,,,
89393,5/31/2007,NFLX,43145,-0.012183,,,,,,
89393,6/29/2007,NFLX,43145,-0.114608,,,,,,
89393,7/31/2007,NFLX,43145,-0.111398,,,,,,
89393,8/31/2007,NFLX,43145,0.016831,,,,,,
89393,9/28/2007,NFLX,43145,0.184355,,,,,,
89393,10/31/2007,NFLX,43145,0.275669,,,,,,
89393,11/30/2007,NFLX,43145,-0.127314,,,,,,
89393,12/31/2007,NFLX,43145,0.152381,,,,,,
89393,1/31/2008,NFLX,43145,-0.055222,,,,,,
89393,2/29/2008,NFLX,43145,0.255666,,,,,,
89393,3/31/2008,NFLX,43145,0.097213,,,,,,
89393,4/30/2008,NFLX,43145,-0.077056,,,,,,
89393,5/30/2008,NFLX,43145,-0.050657,,,,,,
89393,6/30/2008,NFLX,43145,-0.141304,,,,,,
89393,7/31/2008,NFLX,43145,0.184887,,,,,,
89393,8/29/2008,NFLX,43145,-0.001619,,,,,,
89393,9/30/2008,NFLX,43145,0.001297,,,,,,
89393,10/31/2008,NFLX,43145,-0.198187,,,,,,
89393,11/28/2008,NFLX,43145,-0.07189,,,,,,
89393,12/31/2008,NFLX,43145,0.300696,,,,,,
89393,1/30/2009,NFLX,43145,0.2091,,,,,,
89393,2/27/2009,NFLX,43145,0.002767,,,,,,
89393,3/31/2009,NFLX,43145,0.184327,,,,,,
89393,4/30/2009,NFLX,43145,0.055685,,,,,,
89393,5/29/2009,NFLX,43145,-0.129993,,,,,,
89393,6/30/2009,NFLX,43145,0.048706,,,,,,
89393,7/31/2009,NFLX,43145,0.062893,,,,,,
89393,8/31/2009,NFLX,43145,-0.007055,,,,,,
89393,9/30/2009,NFLX,43145,0.058217,,,,,,
89393,10/30/2009,NFLX,43145,0.157678,,,,,,
89393,11/30/2009,NFLX,43145,0.096913,,,,,,
89393,12/31/2009,NFLX,43145,-0.060379,,,,,,
89393,1/29/2010,NFLX,43145,0.129969,,,,,,
89393,2/26/2010,NFLX,43145,0.061044,,,,,,
89393,3/31/2010,NFLX,43145,0.116427,,,,,,
89393,4/30/2010,NFLX,43145,0.341199,,,,,,
89393,5/28/2010,NFLX,43145,0.123862,,,,,,
89393,6/30/2010,NFLX,43145,-0.022492,,,,,,
89393,7/30/2010,NFLX,43145,-0.056144,,,,,,
89393,8/31/2010,NFLX,43145,0.223988,,,,,,
89393,9/30/2010,NFLX,43145,0.291906,,,,,,
89393,10/29/2010,NFLX,43145,0.070363,,,,,,
89393,11/30/2010,NFLX,43145,0.186265,,,,,,
89393,12/31/2010,NFLX,43145,-0.146673,,,,,,
89393,1/31/2011,NFLX,43145,0.218441,,,,,,
89393,2/28/2011,NFLX,43145,-0.034613,,,,,,
89393,3/31/2011,NFLX,43145,0.15053,,,,,,
89393,4/29/2011,NFLX,43145,-0.02149,,,,,,
89393,5/31/2011,NFLX,43145,0.16388,,,,,,
89393,6/30/2011,NFLX,43145,-0.029948,,,,,,
89393,7/29/2011,NFLX,43145,0.012562,,,,,,
89393,8/31/2011,NFLX,43145,-0.116471,,,,,,
89393,9/30/2011,NFLX,43145,-0.518021,,,,,,
89393,10/31/2011,NFLX,43145,-0.27536,,,,,,
89393,11/30/2011,NFLX,43145,-0.213816,,,,,,
89393,12/30/2011,NFLX,43145,0.073764,,,,,,
89393,1/31/2012,NFLX,43145,0.734738,,,,,,
89393,2/29/2012,NFLX,43145,-0.078785,,,,,,
89393,3/30/2012,NFLX,43145,0.038923,,,,,,
89393,4/30/2012,NFLX,43145,-0.303373,,,,,,
89393,5/31/2012,NFLX,43145,-0.208385,,,,,,
89393,6/29/2012,NFLX,43145,0.079524,,,,,,
89393,7/31/2012,NFLX,43145,-0.169891,,,,,,
89393,8/31/2012,NFLX,43145,0.050484,,,,,,
89393,9/28/2012,NFLX,43145,-0.088413,,,,,,
89393,10/31/2012,NFLX,43145,0.455536,,,,,,
89393,11/30/2012,NFLX,43145,0.031179,,,,,,
89393,12/31/2012,NFLX,43145,0.133154,,,,,,
89393,1/31/2013,NFLX,43145,0.784642,,,,,,
89393,2/28/2013,NFLX,43145,0.138223,,,,,,
89393,3/28/2013,NFLX,43145,0.00638,,,,,,
89393,4/30/2013,NFLX,43145,0.141536,,,,,,
89393,5/31/2013,NFLX,43145,0.047114,,,,,,
89393,6/28/2013,NFLX,43145,-0.067006,,,,,,
89393,7/31/2013,NFLX,43145,0.158198,,,,,,
89393,8/30/2013,NFLX,43145,0.161262,,,,,,
89393,9/30/2013,NFLX,43145,0.089113,,,,,,
89393,10/31/2013,NFLX,43145,0.042916,,,,,,
89393,11/29/2013,NFLX,43145,0.134334,,,,,,
89393,12/31/2013,NFLX,43145,0.006479,,,,,,
89393,1/31/2014,NFLX,43145,0.111796,,,,,,
89393,2/28/2014,NFLX,43145,0.088682,,,,,,
89393,3/31/2014,NFLX,43145,-0.21004,,,,,,
89393,4/30/2014,NFLX,43145,-0.085192,,,,,,
89393,5/30/2014,NFLX,43145,0.297447,,,,,,
89393,6/30/2014,NFLX,43145,0.054496,,,,,,
89393,7/31/2014,NFLX,43145,-0.040581,,,,,,
89393,8/29/2014,NFLX,43145,0.129921,,,,,,
89393,9/30/2014,NFLX,43145,-0.055397,,,,,,
89393,10/31/2014,NFLX,43145,-0.129461,,,,,,
89393,11/28/2014,NFLX,43145,-0.117575,,,,,,
89393,12/31/2014,NFLX,43145,-0.014369,,,,,,
89393,1/30/2015,NFLX,43145,0.293288,,,,,,
89393,2/27/2015,NFLX,43145,0.074943,,,,,,
89393,3/31/2015,NFLX,43145,-0.122592,,,,,,
89393,4/30/2015,NFLX,43145,0.335525,,,,,,
89393,5/29/2015,NFLX,43145,0.121402,,,,,,
89393,6/30/2015,NFLX,43145,0.052687,,,,,,
89393,7/31/2015,NFLX,43145,0.218026,,,,,,
89393,8/31/2015,NFLX,43145,0.006299,,,,,,
89393,9/30/2015,NFLX,43145,-0.102321,,,,,,
89393,10/30/2015,NFLX,43145,0.049584,,,,,,
89393,11/30/2015,NFLX,43145,0.137941,,,,,,
89393,12/31/2015,NFLX,43145,-0.07257,,,,,,
89393,1/29/2016,NFLX,43145,-0.197062,,,,,,
89393,2/29/2016,NFLX,43145,0.017095,,,,,,
89393,3/31/2016,NFLX,43145,0.094422,,,,,,
89393,4/29/2016,NFLX,43145,-0.119339,,,,,,
89393,5/31/2016,NFLX,43145,0.139287,,,,,,
89393,6/30/2016,NFLX,43145,-0.108121,,,,,,
89393,7/29/2016,NFLX,43145,-0.002514,,,,,,
89393,8/31/2016,NFLX,43145,0.067945,,,,,,
89393,9/30/2016,NFLX,43145,0.011288,,,,,,
89393,10/31/2016,NFLX,43145,0.267073,,,,,,
89393,11/30/2016,NFLX,43145,-0.063026,,,,,,
89393,12/30/2016,NFLX,43145,0.05812,,,,,,
89393,1/31/2017,NFLX,43145,0.136591,,,,,,
89393,2/28/2017,NFLX,43145,0.010092,,,,,,
89393,3/31/2017,NFLX,43145,0.039963,,,,,,
89393,4/28/2017,NFLX,43145,0.0297,,,,,,
89393,5/31/2017,NFLX,43145,0.071419,,,,,,
89393,6/30/2017,NFLX,43145,-0.083768,,,,,,
89393,7/31/2017,NFLX,43145,0.215849,,,,,,
89393,8/31/2017,NFLX,43145,-0.038258,,,,,,
89393,9/29/2017,NFLX,43145,0.038006,,,,,,
89393,10/31/2017,NFLX,43145,0.083154,,,,,,
89393,11/30/2017,NFLX,43145,-0.045054,,,,,,
89393,12/29/2017,NFLX,43145,0.02335,,,,,,
89393,1/31/2018,NFLX,43145,0.408106,,,,,,
89393,2/28/2018,NFLX,43145,0.077987,,,,,,
89393,3/29/2018,NFLX,43145,0.013625,,,,,,
89393,4/30/2018,NFLX,43145,0.057931,,,,,,
89393,5/31/2018,NFLX,43145,0.125264,,,,,,
89393,6/29/2018,NFLX,43145,0.113282,,,,,,
89393,7/31/2018,NFLX,43145,-0.137905,,,,,,
89393,8/31/2018,NFLX,43145,0.089584,,,,,,
89393,9/28/2018,NFLX,43145,0.017542,,,,,,
89393,10/31/2018,NFLX,43145,-0.193382,,,,,,
89393,11/30/2018,NFLX,43145,-0.051859,,,,,,
89393,12/31/2018,NFLX,43145,-0.064551,,,,,,
89393,1/31/2019,NFLX,43145,0.2684,,,,,,
89393,2/28/2019,NFLX,43145,0.054786,,,,,,
89393,3/29/2019,NFLX,43145,-0.0043,,,,,,
89393,4/30/2019,NFLX,43145,0.039208,,,,,,
89393,5/31/2019,NFLX,43145,-0.073568,,,,,,
89393,6/28/2019,NFLX,43145,0.07003,,,,,,
89393,7/31/2019,NFLX,43145,-0.120685,,,,,,
89393,8/30/2019,NFLX,43145,-0.090529,,,,,,
89393,9/30/2019,NFLX,43145,-0.088953,,,,,,
89393,10/31/2019,NFLX,43145,0.073948,,,,,,
89393,11/29/2019,NFLX,43145,0.094812,,,,,,
89393,12/31/2019,NFLX,43145,0.028316,,,,,,
89393,1/31/2020,NFLX,43145,0.066508,,,,,,
89393,2/28/2020,NFLX,43145,0.069373,,,,,,
89393,3/31/2020,NFLX,43145,0.017532,,,,,,
89393,4/30/2020,NFLX,43145,0.118109,,,,,,
89393,5/29/2020,NFLX,43145,-0.000286,,,,,,
89393,6/30/2020,NFLX,43145,0.084126,,,,,,
89393,7/31/2020,NFLX,43145,0.074367,,,,,,
89393,8/31/2020,NFLX,43145,0.083211,,,,,,
89393,9/30/2020,NFLX,43145,-0.055763,,,,,,
89393,10/30/2020,NFLX,43145,-0.048577,,,,,,
89393,11/30/2020,NFLX,43145,0.031446,,,,,,
89393,12/31/2020,NFLX,43145,0.101956,,,,,,
89393,1/29/2021,NFLX,43145,-0.015424,,,,,,
89393,2/26/2021,NFLX,43145,0.012134,,,,,,
89393,3/31/2021,NFLX,43145,-0.031901,,,,,,
89393,4/30/2021,NFLX,43145,-0.0157,,,,,,
89393,5/28/2021,NFLX,43145,-0.020761,,,,,,
89393,6/30/2021,NFLX,43145,0.050516,,,,,,
89393,7/30/2021,NFLX,43145,-0.020144,,,,,,
89393,8/31/2021,NFLX,43145,0.099735,,,,,,
89393,9/30/2021,NFLX,43145,0.072296,,,,,,
89393,10/29/2021,NFLX,43145,0.131025,,,,,,
89393,11/30/2021,NFLX,43145,-0.070128,,,,,,
89393,12/31/2021,NFLX,43145,-0.061474,,,,,,
89393,1/31/2022,NFLX,43145,-0.290983,,,,,,
89393,2/28/2022,NFLX,43145,-0.076368,,,,,,
89393,3/31/2022,NFLX,43145,-0.050517,,,,,,
89393,4/29/2022,NFLX,43145,-0.491818,,,,,,
89393,5/31/2022,NFLX,43145,0.037193,,,,,,
89393,6/30/2022,NFLX,43145,-0.114313,,,,,,
89393,7/29/2022,NFLX,43145,0.286098,,,,,,
89393,8/31/2022,NFLX,43145,-0.005958,,,,,,
89393,9/30/2022,NFLX,43145,0.05314,,,,,,
89393,10/31/2022,NFLX,43145,0.239721,,,,,,
89393,11/30/2022,NFLX,43145,0.046766,,,,,,
89393,12/30/2022,NFLX,43145,-0.034857,,,,,,
89393,1/31/2023,NFLX,43145,0.200013,,,,,,
89393,2/28/2023,NFLX,43145,-0.089668,,,,,,
89393,3/31/2023,NFLX,43145,0.072486,,,,,,
89393,4/28/2023,NFLX,43145,-0.04501,,,,,,
89393,5/31/2023,NFLX,43145,0.197921,,,,,,
89393,6/30/2023,NFLX,43145,0.114516,,,,,,
89393,7/31/2023,NFLX,43145,-0.003451,,,,,,
89393,8/31/2023,NFLX,43145,-0.012051,,,,,,
89393,9/29/2023,NFLX,43145,-0.129312,,,,,,
89393,10/31/2023,NFLX,43145,0.090281,,,,,,
89393,11/30/2023,NFLX,43145,0.151279,,,,,,
89393,12/29/2023,NFLX,43145,0.027238,,,,,,
78405,12/31/2003,RCI,26164,0.058796,,,,,,
78405,1/30/2004,RCI,26164,0.167273,,,,,,
78405,2/27/2004,RCI,26164,-0.023884,,,,,,
78405,3/31/2004,RCI,26164,-0.005851,,,,,,
78405,4/30/2004,RCI,26164,-0.078117,,,,,,
78405,5/28/2004,RCI,26164,0.112014,,,,,,
78405,6/30/2004,RCI,26164,-0.051854,,,,,,
78405,7/30/2004,RCI,26164,-0.009928,,,,,,
78405,8/31/2004,RCI,26164,-0.009471,,,,,,
78405,9/30/2004,RCI,26164,0.13667,,,,,,
78405,10/29/2004,RCI,26164,0.14003,,,,,,
78405,11/30/2004,RCI,26164,0.048177,,,,,,
78405,12/31/2004,RCI,26164,0.084547,,,,,,
78405,1/31/2005,RCI,26164,0.024092,,,,,,
78405,2/28/2005,RCI,26164,0.011202,,,,,,
78405,3/31/2005,RCI,26164,0.005908,,,,,,
78405,4/29/2005,RCI,26164,0.0558,,,,,,
78405,5/31/2005,RCI,26164,0.05459,,,,,,
78405,6/30/2005,RCI,26164,0.085405,,,,,,
78405,7/29/2005,RCI,26164,0.123175,,,,,,
78405,8/31/2005,RCI,26164,0.005416,,,,,,
78405,9/30/2005,RCI,26164,0.062483,,,,,,
78405,10/31/2005,RCI,26164,0.002028,,,,,,
78405,11/30/2005,RCI,26164,-0.033392,,,,,,
78405,12/30/2005,RCI,26164,0.1077,,,,,,
78405,1/31/2006,RCI,26164,0.044487,,,,,,
78405,2/28/2006,RCI,26164,-0.093113,,,,,,
78405,3/31/2006,RCI,26164,-0.046965,,,,,,
78405,4/28/2006,RCI,26164,0.111927,,,,,,
78405,5/31/2006,RCI,26164,-0.016266,,,,,,
78405,6/30/2006,RCI,26164,-0.030283,,,,,,
78405,7/31/2006,RCI,26164,0.056931,,,,,,
78405,8/31/2006,RCI,26164,0.207494,,,,,,
78405,9/29/2006,RCI,26164,0.064197,,,,,,
78405,10/31/2006,RCI,26164,0.090213,,,,,,
78405,11/30/2006,RCI,26164,0.023236,,,,,,
78405,12/29/2006,RCI,26164,-0.025166,,,,,,
78405,1/31/2007,RCI,26164,0.038591,,,,,,
78405,2/28/2007,RCI,26164,0.054927,,,,,,
78405,3/30/2007,RCI,26164,0.004415,,,,,,
78405,4/30/2007,RCI,26164,0.164835,,,,,,
78405,5/31/2007,RCI,26164,0.087264,,,,,,
78405,6/29/2007,RCI,26164,0.026944,,,,,,
78405,7/31/2007,RCI,26164,0.065898,,,,,,
78405,8/31/2007,RCI,26164,-0.000221,,,,,,
78405,9/28/2007,RCI,26164,0.008136,,,,,,
78405,10/31/2007,RCI,26164,0.119262,,,,,,
78405,11/30/2007,RCI,26164,-0.178571,,,,,,
78405,12/31/2007,RCI,26164,0.083956,,,,,,
78405,1/31/2008,RCI,26164,-0.15337,,,,,,
78405,2/29/2008,RCI,26164,0.032629,,,,,,
78405,3/31/2008,RCI,26164,-0.085602,,,,,,
78405,4/30/2008,RCI,26164,0.242205,,,,,,
78405,5/30/2008,RCI,26164,-0.008132,,,,,,
78405,6/30/2008,RCI,26164,-0.121563,,,,,,
78405,7/31/2008,RCI,26164,-0.123383,,,,,,
78405,8/29/2008,RCI,26164,0.074619,,,,,,
78405,9/30/2008,RCI,26164,-0.08126,,,,,,
78405,10/31/2008,RCI,26164,-0.12485,,,,,,
78405,11/28/2008,RCI,26164,-0.062284,,,,,,
78405,12/31/2008,RCI,26164,0.110783,,,,,,
78405,1/30/2009,RCI,26164,-0.06383,,,,,,
78405,2/27/2009,RCI,26164,-0.166903,,,,,,
78405,3/31/2009,RCI,26164,-0.017265,,,,,,
78405,4/30/2009,RCI,26164,0.076654,,,,,,
78405,5/29/2009,RCI,26164,0.224543,,,,,,
78405,6/30/2009,RCI,26164,-0.137353,,,,,,
78405,7/31/2009,RCI,26164,0.081165,,,,,,
78405,8/31/2009,RCI,26164,-0.011135,,,,,,
78405,9/30/2009,RCI,26164,0.03389,,,,,,
78405,10/30/2009,RCI,26164,0.038298,,,,,,
78405,11/30/2009,RCI,26164,0.042879,,,,,,
78405,12/31/2009,RCI,26164,0.024455,,,,,,
78405,1/29/2010,RCI,26164,0.008387,,,,,,
78405,2/26/2010,RCI,26164,0.056622,,,,,,
78405,3/31/2010,RCI,26164,0.042646,,,,,,
78405,4/30/2010,RCI,26164,0.043364,,,,,,
78405,5/28/2010,RCI,26164,-0.035587,,,,,,
78405,6/30/2010,RCI,26164,-0.03732,,,,,,
78405,7/30/2010,RCI,26164,0.059829,,,,,,
78405,8/31/2010,RCI,26164,0.002592,,,,,,
78405,9/30/2010,RCI,26164,0.084137,,,,,,
78405,10/29/2010,RCI,26164,-0.026182,,,,,,
78405,11/30/2010,RCI,26164,-0.019568,,,,,,
78405,12/31/2010,RCI,26164,-0.022304,,,,,,
78405,1/31/2011,RCI,26164,0.008374,,,,,,
78405,2/28/2011,RCI,26164,0.010882,,,,,,
78405,3/31/2011,RCI,26164,0.0414,,,,,,
78405,4/29/2011,RCI,26164,0.039286,,,,,,
78405,5/31/2011,RCI,26164,0.010838,,,,,,
78405,6/30/2011,RCI,26164,0.04294,,,,,,
78405,7/29/2011,RCI,26164,-0.034413,,,,,,
78405,8/31/2011,RCI,26164,0.01913,,,,,,
78405,9/30/2011,RCI,26164,-0.111193,,,,,,
78405,10/31/2011,RCI,26164,0.062555,,,,,,
78405,11/30/2011,RCI,26164,0.018707,,,,,,
78405,12/30/2011,RCI,26164,0.049336,,,,,,
78405,1/31/2012,RCI,26164,-0.001558,,,,,,
78405,2/29/2012,RCI,26164,-0.003901,,,,,,
78405,3/30/2012,RCI,26164,0.046964,,,,,,
78405,4/30/2012,RCI,26164,-0.059698,,,,,,
78405,5/31/2012,RCI,26164,-0.0809,,,,,,
78405,6/29/2012,RCI,26164,0.066562,,,,,,
78405,7/31/2012,RCI,26164,0.08285,,,,,,
78405,8/31/2012,RCI,26164,0.030094,,,,,,
78405,9/28/2012,RCI,26164,0.010282,,,,,,
78405,10/31/2012,RCI,26164,0.087129,,,,,,
78405,11/30/2012,RCI,26164,0.005692,,,,,,
78405,12/31/2012,RCI,26164,0.039626,,,,,,
78405,1/31/2013,RCI,26164,0.021309,,,,,,
78405,2/28/2013,RCI,26164,0.02151,,,,,,
78405,3/28/2013,RCI,26164,0.084096,,,,,,
78405,4/30/2013,RCI,26164,-0.033882,,,,,,
78405,5/31/2013,RCI,26164,-0.081492,,,,,,
78405,6/28/2013,RCI,26164,-0.125441,,,,,,
78405,7/31/2013,RCI,26164,0.018877,,,,,,
78405,8/30/2013,RCI,26164,-0.008513,,,,,,
78405,9/30/2013,RCI,26164,0.096713,,,,,,
78405,10/31/2013,RCI,26164,0.055801,,,,,,
78405,11/29/2013,RCI,26164,-0.012772,,,,,,
78405,12/31/2013,RCI,26164,0.018497,,,,,,
78405,1/31/2014,RCI,26164,-0.070939,,,,,,
78405,2/28/2014,RCI,26164,-0.080162,,,,,,
78405,3/31/2014,RCI,26164,0.082279,,,,,,
78405,4/30/2014,RCI,26164,-0.041506,,,,,,
78405,5/30/2014,RCI,26164,0.018379,,,,,,
78405,6/30/2014,RCI,26164,0.005424,,,,,,
78405,7/31/2014,RCI,26164,-0.030062,,,,,,
78405,8/29/2014,RCI,26164,0.044826,,,,,,
78405,9/30/2014,RCI,26164,-0.072416,,,,,,
78405,10/31/2014,RCI,26164,0.006147,,,,,,
78405,11/28/2014,RCI,26164,0.068792,,,,,,
78405,12/31/2014,RCI,26164,-0.024364,,,,,,
78405,1/30/2015,RCI,26164,-0.083119,,,,,,
78405,2/27/2015,RCI,26164,-0.006736,,,,,,
78405,3/31/2015,RCI,26164,-0.043144,,,,,,
78405,4/30/2015,RCI,26164,0.066607,,,,,,
78405,5/29/2015,RCI,26164,-0.038925,,,,,,
78405,6/30/2015,RCI,26164,0.046556,,,,,,
78405,7/31/2015,RCI,26164,-0.012665,,,,,,
78405,8/31/2015,RCI,26164,-0.027366,,,,,,
78405,9/30/2015,RCI,26164,0.02116,,,,,,
78405,10/30/2015,RCI,26164,0.154292,,,,,,
78405,11/30/2015,RCI,26164,-0.032663,,,,,,
78405,12/31/2015,RCI,26164,-0.095731,,,,,,
78405,1/29/2016,RCI,26164,-0.007835,,,,,,
78405,2/29/2016,RCI,26164,0.080725,,,,,,
78405,3/31/2016,RCI,26164,0.092823,,,,,,
78405,4/29/2016,RCI,26164,-0.028486,,,,,,
78405,5/31/2016,RCI,26164,-0.018261,,,,,,
78405,6/30/2016,RCI,26164,0.068247,,,,,,
78405,7/29/2016,RCI,26164,0.093317,,,,,,
78405,8/31/2016,RCI,26164,-0.031243,,,,,,
78405,9/30/2016,RCI,26164,0.000052,,,,,,
78405,10/31/2016,RCI,26164,-0.051627,,,,,,
78405,11/30/2016,RCI,26164,-0.040517,,,,,,
78405,12/30/2016,RCI,26164,0.008739,,,,,,
78405,1/31/2017,RCI,26164,0.124935,,,,,,
78405,2/28/2017,RCI,26164,-0.031336,,,,,,
78405,3/31/2017,RCI,26164,0.060352,,,,,,
78405,4/28/2017,RCI,26164,0.037087,,,,,,
78405,5/31/2017,RCI,26164,0.017008,,,,,,
78405,6/30/2017,RCI,26164,0.019864,,,,,,
78405,7/31/2017,RCI,26164,0.101462,,,,,,
78405,8/31/2017,RCI,26164,0.003269,,,,,,
78405,9/29/2017,RCI,26164,-0.004517,,,,,,
78405,10/31/2017,RCI,26164,0.006985,,,,,,
78405,11/30/2017,RCI,26164,-0.000771,,,,,,
78405,12/29/2017,RCI,26164,-0.010718,,,,,,
78405,1/31/2018,RCI,26164,-0.041822,,,,,,
78405,2/28/2018,RCI,26164,-0.076025,,,,,,
78405,3/29/2018,RCI,26164,-0.000849,,,,,,
78405,4/30/2018,RCI,26164,0.056625,,,,,,
78405,5/31/2018,RCI,26164,-0.006143,,,,,,
78405,6/29/2018,RCI,26164,0.019401,,,,,,
78405,7/31/2018,RCI,26164,0.07185,,,,,,
78405,8/31/2018,RCI,26164,0.018479,,,,,,
78405,9/28/2018,RCI,26164,-0.000615,,,,,,
78405,10/31/2018,RCI,26164,0.001945,,,,,,
78405,11/30/2018,RCI,26164,0.035721,,,,,,
78405,12/31/2018,RCI,26164,-0.032426,,,,,,
78405,1/31/2019,RCI,26164,0.054819,,,,,,
78405,2/28/2019,RCI,26164,0.022748,,,,,,
78405,3/29/2019,RCI,26164,-0.020027,,,,,,
78405,4/30/2019,RCI,26164,-0.065032,,,,,,
78405,5/31/2019,RCI,26164,0.045111,,,,,,
78405,6/28/2019,RCI,26164,0.024782,,,,,,
78405,7/31/2019,RCI,26164,-0.030456,,,,,,
78405,8/30/2019,RCI,26164,-0.045674,,,,,,
78405,9/30/2019,RCI,26164,-0.008317,,,,,,
78405,10/31/2019,RCI,26164,-0.033655,,,,,,
78405,11/29/2019,RCI,26164,0.025908,,,,,,
78405,12/31/2019,RCI,26164,0.035963,,,,,,
78405,1/31/2020,RCI,26164,0.008053,,,,,,
78405,2/28/2020,RCI,26164,-0.083483,,,,,,
78405,3/31/2020,RCI,26164,-0.086909,,,,,,
78405,4/30/2020,RCI,26164,0.006983,,,,,,
78405,5/29/2020,RCI,26164,0.001913,,,,,,
78405,6/30/2020,RCI,26164,-0.031907,,,,,,
78405,7/31/2020,RCI,26164,0.016173,,,,,,
78405,8/31/2020,RCI,26164,0.019099,,,,,,
78405,9/30/2020,RCI,26164,-0.038158,,,,,,
78405,10/30/2020,RCI,26164,0.024212,,,,,,
78405,11/30/2020,RCI,26164,0.160305,,,,,,
78405,12/31/2020,RCI,26164,-0.002959,,,,,,
78405,1/29/2021,RCI,26164,-0.03241,,,,,,
78405,2/26/2021,RCI,26164,-0.040595,,,,,,
78405,3/31/2021,RCI,26164,0.075025,,,,,,
78405,4/30/2021,RCI,26164,0.067896,,,,,,
78405,5/28/2021,RCI,26164,0.049157,,,,,,
78405,6/30/2021,RCI,26164,0.036852,,,,,,
78405,7/30/2021,RCI,26164,-0.039706,,,,,,
78405,8/31/2021,RCI,26164,-0.00098,,,,,,
78405,9/30/2021,RCI,26164,-0.077341,,,,,,
78405,10/29/2021,RCI,26164,-0.001286,,,,,,
78405,11/30/2021,RCI,26164,-0.040575,,,,,,
78405,12/31/2021,RCI,26164,0.074636,,,,,,
78405,1/31/2022,RCI,26164,0.064875,,,,,,
78405,2/28/2022,RCI,26164,0.017744,,,,,,
78405,3/31/2022,RCI,26164,0.106922,,,,,,
78405,4/29/2022,RCI,26164,-0.040352,,,,,,
78405,5/31/2022,RCI,26164,-0.058575,,,,,,
78405,6/30/2022,RCI,26164,-0.057956,,,,,,
78405,7/29/2022,RCI,26164,-0.040501,,,,,,
78405,8/31/2022,RCI,26164,-0.063098,,,,,,
78405,9/30/2022,RCI,26164,-0.09615,,,,,,
78405,10/31/2022,RCI,26164,0.080436,,,,,,
78405,11/30/2022,RCI,26164,0.107829,,,,,,
78405,12/30/2022,RCI,26164,0.023329,,,,,,
78405,1/31/2023,RCI,26164,0.038642,,,,,,
78405,2/28/2023,RCI,26164,-0.017883,,,,,,
78405,3/31/2023,RCI,26164,-0.022122,,,,,,
78405,4/28/2023,RCI,26164,0.065358,,,,,,
78405,5/31/2023,RCI,26164,-0.102247,,,,,,
78405,6/30/2023,RCI,26164,0.037742,,,,,,
78405,7/31/2023,RCI,26164,-0.040754,,,,,,
78405,8/31/2023,RCI,26164,-0.070809,,,,,,
78405,9/29/2023,RCI,26164,-0.047288,,,,,,
78405,10/31/2023,RCI,26164,-0.034644,,,,,,
78405,11/30/2023,RCI,26164,0.162979,,,,,,
78405,12/29/2023,RCI,26164,0.094623,,,,,,
78045,12/31/2003,MGA,26268,0.03237,,,,,,
78045,1/30/2004,MGA,26268,0.014116,,,,,,
78045,2/27/2004,MGA,26268,-0.021927,,,,,,
78045,3/31/2004,MGA,26268,0.001763,,,,,,
78045,4/30/2004,MGA,26268,-0.003788,,,,,,
78045,5/28/2004,MGA,26268,0.021293,,,,,,
78045,6/30/2004,MGA,26268,0.06197,,,,,,
78045,7/30/2004,MGA,26268,-0.054831,,,,,,
78045,8/31/2004,MGA,26268,-0.069814,,,,,,
78045,9/30/2004,MGA,26268,-0.005638,,,,,,
78045,10/29/2004,MGA,26268,-0.015254,,,,,,
78045,11/30/2004,MGA,26268,0.089925,,,,,,
78045,12/31/2004,MGA,26268,0.04322,,,,,,
78045,1/31/2005,MGA,26268,-0.082496,,,,,,
78045,2/28/2005,MGA,26268,-0.023633,,,,,,
78045,3/31/2005,MGA,26268,-0.090196,,,,,,
78045,4/29/2005,MGA,26268,-0.086248,,,,,,
78045,5/31/2005,MGA,26268,0.118763,,,,,,
78045,6/30/2005,MGA,26268,0.03426,,,,,,
78045,7/29/2005,MGA,26268,0.096105,,,,,,
78045,8/31/2005,MGA,26268,-0.042283,,,,,,
78045,9/30/2005,MGA,26268,0.019058,,,,,,
78045,10/31/2005,MGA,26268,-0.068661,,,,,,
78045,11/30/2005,MGA,26268,-0.006311,,,,,,
78045,12/30/2005,MGA,26268,0.044702,,,,,,
78045,1/31/2006,MGA,26268,0.028063,,,,,,
78045,2/28/2006,MGA,26268,0.005676,,,,,,
78045,3/31/2006,MGA,26268,0.022172,,,,,,
78045,4/28/2006,MGA,26268,0.036464,,,,,,
78045,5/31/2006,MGA,26268,-0.006119,,,,,,
78045,6/30/2006,MGA,26268,-0.072432,,,,,,
78045,7/31/2006,MGA,26268,0.02112,,,,,,
78045,8/31/2006,MGA,26268,-0.015784,,,,,,
78045,9/29/2006,MGA,26268,0.01501,,,,,,
78045,10/31/2006,MGA,26268,0.024237,,,,,,
78045,11/30/2006,MGA,26268,0.03262,,,,,,
78045,12/29/2006,MGA,26268,0.048009,,,,,,
78045,1/31/2007,MGA,26268,-0.030168,,,,,,
78045,2/28/2007,MGA,26268,-0.058244,,,,,,
78045,3/30/2007,MGA,26268,0.023515,,,,,,
78045,4/30/2007,MGA,26268,0.053788,,,,,,
78045,5/31/2007,MGA,26268,0.129375,,,,,,
78045,6/29/2007,MGA,26268,0.020639,,,,,,
78045,7/31/2007,MGA,26268,-0.036048,,,,,,
78045,8/31/2007,MGA,26268,0.023943,,,,,,
78045,9/28/2007,MGA,26268,0.076691,,,,,,
78045,10/31/2007,MGA,26268,-0.016094,,,,,,
78045,11/30/2007,MGA,26268,-0.106902,,,,,,
78045,12/31/2007,MGA,26268,-0.045568,,,,,,
78045,1/31/2008,MGA,26268,-0.020266,,,,,,
78045,2/29/2008,MGA,26268,-0.070939,,,,,,
78045,3/31/2008,MGA,26268,-0.009562,,,,,,
78045,4/30/2008,MGA,26268,0.034373,,,,,,
78045,5/30/2008,MGA,26268,-0.035776,,,,,,
78045,6/30/2008,MGA,26268,-0.172626,,,,,,
78045,7/31/2008,MGA,26268,-0.002363,,,,,,
78045,8/29/2008,MGA,26268,-0.024873,,,,,,
78045,9/30/2008,MGA,26268,-0.106164,,,,,,
78045,10/31/2008,MGA,26268,-0.342254,,,,,,
78045,11/28/2008,MGA,26268,-0.159786,,,,,,
78045,12/31/2008,MGA,26268,0.064746,,,,,,
78045,1/30/2009,MGA,26268,-0.070164,,,,,,
78045,2/27/2009,MGA,26268,-0.077973,,,,,,
78045,3/31/2009,MGA,26268,0.049493,,,,,,
78045,4/30/2009,MGA,26268,0.269533,,,,,,
78045,5/29/2009,MGA,26268,-0.045053,,,,,,
78045,6/30/2009,MGA,26268,0.302498,,,,,,
78045,7/31/2009,MGA,26268,0.206439,,,,,,
78045,8/31/2009,MGA,26268,-0.103022,,,,,,
78045,9/30/2009,MGA,26268,-0.069788,,,,,,
78045,10/30/2009,MGA,26268,-0.067968,,,,,,
78045,11/30/2009,MGA,26268,0.220792,,,,,,
78045,12/31/2009,MGA,26268,0.045473,,,,,,
78045,1/29/2010,MGA,26268,0.08877,,,,,,
78045,2/26/2010,MGA,26268,0.034865,,,,,,
78045,3/31/2010,MGA,26268,0.085278,,,,,,
78045,4/30/2010,MGA,26268,0.061601,,,,,,
78045,5/28/2010,MGA,26268,0.030612,,,,,,
78045,6/30/2010,MGA,26268,-0.02267,,,,,,
78045,7/30/2010,MGA,26268,0.132201,,,,,,
78045,8/31/2010,MGA,26268,0.045394,,,,,,
78045,9/30/2010,MGA,26268,0.057734,,,,,,
78045,10/29/2010,MGA,26268,0.100656,,,,,,
78045,11/30/2010,MGA,26268,0.056329,,,,,,
78045,12/31/2010,MGA,26268,0.09152,,,,,,
78045,1/31/2011,MGA,26268,0.1225,,,,,,
78045,2/28/2011,MGA,26268,-0.15436,,,,,,
78045,3/31/2011,MGA,26268,-0.024311,,,,,,
78045,4/29/2011,MGA,26268,0.069714,,,,,,
78045,5/31/2011,MGA,26268,-0.04878,,,,,,
78045,6/30/2011,MGA,26268,0.114227,,,,,,
78045,7/29/2011,MGA,26268,-0.09752,,,,,,
78045,8/31/2011,MGA,26268,-0.214476,,,,,,
78045,9/30/2011,MGA,26268,-0.133736,,,,,,
78045,10/31/2011,MGA,26268,0.157113,,,,,,
78045,11/30/2011,MGA,26268,-0.061599,,,,,,
78045,12/30/2011,MGA,26268,-0.06301,,,,,,
78045,1/31/2012,MGA,26268,0.241069,,,,,,
78045,2/29/2012,MGA,26268,0.150943,,,,,,
78045,3/30/2012,MGA,26268,0.009142,,,,,,
78045,4/30/2012,MGA,26268,-0.081902,,,,,,
78045,5/31/2012,MGA,26268,-0.074264,,,,,,
78045,6/29/2012,MGA,26268,-0.020844,,,,,,
78045,7/31/2012,MGA,26268,0.014192,,,,,,
78045,8/31/2012,MGA,26268,0.087831,,,,,,
78045,9/28/2012,MGA,26268,0,,,,,,
78045,10/31/2012,MGA,26268,0.026583,,,,,,
78045,11/30/2012,MGA,26268,0.051678,,,,,,
78045,12/31/2012,MGA,26268,0.077321,,,,,,
78045,1/31/2013,MGA,26268,0.044582,,,,,,
78045,2/28/2013,MGA,26268,0.018565,,,,,,
78045,3/28/2013,MGA,26268,0.108982,,,,,,
78045,4/30/2013,MGA,26268,0.025043,,,,,,
78045,5/31/2013,MGA,26268,0.112515,,,,,,
78045,6/28/2013,MGA,26268,0.069048,,,,,,
78045,7/31/2013,MGA,26268,0.073575,,,,,,
78045,8/30/2013,MGA,26268,0.013733,,,,,,
78045,9/30/2013,MGA,26268,0.069569,,,,,,
78045,10/31/2013,MGA,26268,0.025921,,,,,,
78045,11/29/2013,MGA,26268,-0.035891,,,,,,
78045,12/31/2013,MGA,26268,0.008852,,,,,,
78045,1/31/2014,MGA,26268,0.034,,,,,,
78045,2/28/2014,MGA,26268,0.050324,,,,,,
78045,3/31/2014,MGA,26268,0.084942,,,,,,
78045,4/30/2014,MGA,26268,0.017444,,,,,,
78045,5/30/2014,MGA,26268,0.048066,,,,,,
78045,6/30/2014,MGA,26268,0.053069,,,,,,
78045,7/31/2014,MGA,26268,-0.003248,,,,,,
78045,8/29/2014,MGA,26268,0.060056,,,,,,
78045,9/30/2014,MGA,26268,-0.163567,,,,,,
78045,10/31/2014,MGA,26268,0.040038,,,,,,
78045,11/28/2014,MGA,26268,0.094418,,,,,,
78045,12/31/2014,MGA,26268,0.009661,,,,,,
78045,1/30/2015,MGA,26268,-0.11657,,,,,,
78045,2/27/2015,MGA,26268,0.134764,,,,,,
78045,3/31/2015,MGA,26268,-0.011013,,,,,,
78045,4/30/2015,MGA,26268,-0.060194,,,,,,
78045,5/29/2015,MGA,26268,0.144755,,,,,,
78045,6/30/2015,MGA,26268,-0.024691,,,,,,
78045,7/31/2015,MGA,26268,-0.030843,,,,,,
78045,8/31/2015,MGA,26268,-0.09106,,,,,,
78045,9/30/2015,MGA,26268,-0.023989,,,,,,
78045,10/30/2015,MGA,26268,0.098313,,,,,,
78045,11/30/2015,MGA,26268,-0.134079,,,,,,
78045,12/31/2015,MGA,26268,-0.107394,,,,,,
78045,1/29/2016,MGA,26268,-0.147189,,,,,,
78045,2/29/2016,MGA,26268,0.123157,,,,,,
78045,3/31/2016,MGA,26268,0.112227,,,,,,
78045,4/29/2016,MGA,26268,-0.021881,,,,,,
78045,5/31/2016,MGA,26268,-0.02951,,,,,,
78045,6/30/2016,MGA,26268,-0.134715,,,,,,
78045,7/29/2016,MGA,26268,0.0998,,,,,,
78045,8/31/2016,MGA,26268,0.051335,,,,,,
78045,9/30/2016,MGA,26268,0.065757,,,,,,
78045,10/31/2016,MGA,26268,-0.044238,,,,,,
78045,11/30/2016,MGA,26268,-0.008526,,,,,,
78045,12/30/2016,MGA,26268,0.07293,,,,,,
78045,1/31/2017,MGA,26268,-0.002765,,,,,,
78045,2/28/2017,MGA,26268,-0.009704,,,,,,
78045,3/31/2017,MGA,26268,0.013416,,,,,,
78045,4/28/2017,MGA,26268,-0.032206,,,,,,
78045,5/31/2017,MGA,26268,0.078884,,,,,,
78045,6/30/2017,MGA,26268,0.034383,,,,,,
78045,7/31/2017,MGA,26268,0.029355,,,,,,
78045,8/31/2017,MGA,26268,0.014364,,,,,,
78045,9/29/2017,MGA,26268,0.109771,,,,,,
78045,10/31/2017,MGA,26268,0.021918,,,,,,
78045,11/30/2017,MGA,26268,0.031622,,,,,,
78045,12/29/2017,MGA,26268,0.011964,,,,,,
78045,1/31/2018,MGA,26268,0.00847,,,,,,
78045,2/28/2018,MGA,26268,-0.038145,,,,,,
78045,3/29/2018,MGA,26268,0.031108,,,,,,
78045,4/30/2018,MGA,26268,0.047028,,,,,,
78045,5/31/2018,MGA,26268,0.091525,,,,,,
78045,6/29/2018,MGA,26268,-0.092711,,,,,,
78045,7/31/2018,MGA,26268,0.045587,,,,,,
78045,8/31/2018,MGA,26268,-0.104146,,,,,,
78045,9/28/2018,MGA,26268,-0.029379,,,,,,
78045,10/31/2018,MGA,26268,-0.062631,,,,,,
78045,11/30/2018,MGA,26268,0.019496,,,,,,
78045,12/31/2018,MGA,26268,-0.08863,,,,,,
78045,1/31/2019,MGA,26268,0.164136,,,,,,
78045,2/28/2019,MGA,26268,-0.003402,,,,,,
78045,3/29/2019,MGA,26268,-0.069695,,,,,,
78045,4/30/2019,MGA,26268,0.14274,,,,,,
78045,5/31/2019,MGA,26268,-0.221693,,,,,,
78045,6/28/2019,MGA,26268,0.157429,,,,,,
78045,7/31/2019,MGA,26268,0.014487,,,,,,
78045,8/30/2019,MGA,26268,0.001091,,,,,,
78045,9/30/2019,MGA,26268,0.064259,,,,,,
78045,10/31/2019,MGA,26268,0.00825,,,,,,
78045,11/29/2019,MGA,26268,0.030035,,,,,,
78045,12/31/2019,MGA,26268,-0.003272,,,,,,
78045,1/31/2020,MGA,26268,-0.075675,,,,,,
78045,2/28/2020,MGA,26268,-0.096074,,,,,,
78045,3/31/2020,MGA,26268,-0.294631,,,,,,
78045,4/30/2020,MGA,26268,0.222744,,,,,,
78045,5/29/2020,MGA,26268,0.090956,,,,,,
78045,6/30/2020,MGA,26268,0.055714,,,,,,
78045,7/31/2020,MGA,26268,0.036829,,,,,,
78045,8/31/2020,MGA,26268,0.061512,,,,,,
78045,9/30/2020,MGA,26268,-0.058836,,,,,,
78045,10/30/2020,MGA,26268,0.117158,,,,,,
78045,11/30/2020,MGA,26268,0.209548,,,,,,
78045,12/31/2020,MGA,26268,0.152719,,,,,,
78045,1/29/2021,MGA,26268,-0.007768,,,,,,
78045,2/26/2021,MGA,26268,0.198576,,,,,,
78045,3/31/2021,MGA,26268,0.050713,,,,,,
78045,4/30/2021,MGA,26268,0.072467,,,,,,
78045,5/28/2021,MGA,26268,0.0699,,,,,,
78045,6/30/2021,MGA,26268,-0.079034,,,,,,
78045,7/30/2021,MGA,26268,-0.095099,,,,,,
78045,8/31/2021,MGA,26268,-0.053561,,,,,,
78045,9/30/2021,MGA,26268,-0.046509,,,,,,
78045,10/29/2021,MGA,26268,0.080542,,,,,,
78045,11/30/2021,MGA,26268,-0.06925,,,,,,
78045,12/31/2021,MGA,26268,0.075758,,,,,,
78045,1/31/2022,MGA,26268,-0.004077,,,,,,
78045,2/28/2022,MGA,26268,-0.073068,,,,,,
78045,3/31/2022,MGA,26268,-0.134105,,,,,,
78045,4/29/2022,MGA,26268,-0.062821,,,,,,
78045,5/31/2022,MGA,26268,0.084619,,,,,,
78045,6/30/2022,MGA,26268,-0.154344,,,,,,
78045,7/29/2022,MGA,26268,0.163206,,,,,,
78045,8/31/2022,MGA,26268,-0.088945,,,,,,
78045,9/30/2022,MGA,26268,-0.17859,,,,,,
78045,10/31/2022,MGA,26268,0.175243,,,,,,
78045,11/30/2022,MGA,26268,0.113224,,,,,,
78045,12/30/2022,MGA,26268,-0.087839,,,,,,
78045,1/31/2023,MGA,26268,0.155927,,,,,,
78045,2/28/2023,MGA,26268,-0.13474,,,,,,
78045,3/31/2023,MGA,26268,-0.038758,,,,,,
78045,4/28/2023,MGA,26268,-0.026321,,,,,,
78045,5/31/2023,MGA,26268,-0.064034,,,,,,
78045,6/30/2023,MGA,26268,0.16708,,,,,,
78045,7/31/2023,MGA,26268,0.139795,,,,,,
78045,8/31/2023,MGA,26268,-0.078502,,,,,,
78045,9/29/2023,MGA,26268,-0.088575,,,,,,
78045,10/31/2023,MGA,26268,-0.102966,,,,,,
78045,11/30/2023,MGA,26268,0.130588,,,,,,
78045,12/29/2023,MGA,26268,0.095901,,,,,,
86572,12/31/2003,DSGX,16384,-0.12963,,,,,,
86572,1/30/2004,DSGX,16384,0.106383,,,,,,
86572,2/27/2004,DSGX,16384,-0.038462,,,,,,
86572,3/31/2004,DSGX,16384,-0.23,,,,,,
86572,4/30/2004,DSGX,16384,-0.056277,,,,,,
86572,5/28/2004,DSGX,16384,-0.440367,,,,,,
86572,6/30/2004,DSGX,16384,-0.098361,,,,,,
86572,7/30/2004,DSGX,16384,0.027273,,,,,,
86572,8/31/2004,DSGX,16384,-0.088496,,,,,,
86572,9/30/2004,DSGX,16384,0.126214,,,,,,
86572,10/29/2004,DSGX,16384,-0.034483,,,,,,
86572,11/30/2004,DSGX,16384,0.571429,,,,,,
86572,12/31/2004,DSGX,16384,0.136364,,,,,,
86572,1/31/2005,DSGX,16384,-0.115,,,,,,
86572,2/28/2005,DSGX,16384,0.090395,,,,,,
86572,3/31/2005,DSGX,16384,-0.025907,,,,,,
86572,4/29/2005,DSGX,16384,-0.010638,,,,,,
86572,5/31/2005,DSGX,16384,0.177419,,,,,,
86572,6/30/2005,DSGX,16384,0.013699,,,,,,
86572,7/29/2005,DSGX,16384,0.103604,,,,,,
86572,8/31/2005,DSGX,16384,-0.093878,,,,,,
86572,9/30/2005,DSGX,16384,0.094595,,,,,,
86572,10/31/2005,DSGX,16384,-0.098765,,,,,,
86572,11/30/2005,DSGX,16384,0.068493,,,,,,
86572,12/30/2005,DSGX,16384,0.34188,,,,,,
86572,1/31/2006,DSGX,16384,0.079618,,,,,,
86572,2/28/2006,DSGX,16384,0.050147,,,,,,
86572,3/31/2006,DSGX,16384,0.061798,,,,,,
86572,4/28/2006,DSGX,16384,-0.018519,,,,,,
86572,5/31/2006,DSGX,16384,0.075472,,,,,,
86572,6/30/2006,DSGX,16384,-0.068922,,,,,,
86572,7/31/2006,DSGX,16384,0.057873,,,,,,
86572,8/31/2006,DSGX,16384,-0.025445,,,,,,
86572,9/29/2006,DSGX,16384,0.02611,,,,,,
86572,10/31/2006,DSGX,16384,-0.063613,,,,,,
86572,11/30/2006,DSGX,16384,0.0625,,,,,,
86572,12/29/2006,DSGX,16384,-0.056266,,,,,,
86572,1/31/2007,DSGX,16384,0.054201,,,,,,
86572,2/28/2007,DSGX,16384,0.071979,,,,,,
86572,3/30/2007,DSGX,16384,0.047962,,,,,,
86572,4/30/2007,DSGX,16384,0.034325,,,,,,
86572,5/31/2007,DSGX,16384,-0.028761,,,,,,
86572,6/29/2007,DSGX,16384,-0.063781,,,,,,
86572,7/31/2007,DSGX,16384,-0.012165,,,,,,
86572,8/31/2007,DSGX,16384,-0.108374,,,,,,
86572,9/28/2007,DSGX,16384,0.30663,,,,,,
86572,10/31/2007,DSGX,16384,0.008457,,,,,,
86572,11/30/2007,DSGX,16384,-0.121593,,,,,,
86572,12/31/2007,DSGX,16384,0.002387,,,,,,
86572,1/31/2008,DSGX,16384,-0.104762,,,,,,
86572,2/29/2008,DSGX,16384,-0.026596,,,,,,
86572,3/31/2008,DSGX,16384,-0.043716,,,,,,
86572,4/30/2008,DSGX,16384,0.082857,,,,,,
86572,5/30/2008,DSGX,16384,0.023747,,,,,,
86572,6/30/2008,DSGX,16384,-0.134021,,,,,,
86572,7/31/2008,DSGX,16384,0.029762,,,,,,
86572,8/29/2008,DSGX,16384,-0.028902,,,,,,
86572,9/30/2008,DSGX,16384,0.092262,,,,,,
86572,10/31/2008,DSGX,16384,-0.228883,,,,,,
86572,11/28/2008,DSGX,16384,-0.053003,,,,,,
86572,12/31/2008,DSGX,16384,0.115672,,,,,,
86572,1/30/2009,DSGX,16384,-0.060201,,,,,,
86572,2/27/2009,DSGX,16384,-0.170819,,,,,,
86572,3/31/2009,DSGX,16384,0.145923,,,,,,
86572,4/30/2009,DSGX,16384,0.217228,,,,,,
86572,5/29/2009,DSGX,16384,0.215385,,,,,,
86572,6/30/2009,DSGX,16384,-0.032911,,,,,,
86572,7/31/2009,DSGX,16384,0.070681,,,,,,
86572,8/31/2009,DSGX,16384,0.090465,,,,,,
86572,9/30/2009,DSGX,16384,0.199552,,,,,,
86572,10/30/2009,DSGX,16384,-0.024299,,,,,,
86572,11/30/2009,DSGX,16384,-0.049808,,,,,,
86572,12/31/2009,DSGX,16384,0.195564,,,,,,
86572,1/29/2010,DSGX,16384,0,,,,,,
86572,2/26/2010,DSGX,16384,0.048904,,,,,,
86572,3/31/2010,DSGX,16384,0.03537,,,,,,
86572,4/30/2010,DSGX,16384,-0.048137,,,,,,
86572,5/28/2010,DSGX,16384,-0.081566,,,,,,
86572,6/30/2010,DSGX,16384,-0.056838,,,,,,
86572,7/30/2010,DSGX,16384,0.116761,,,,,,
86572,8/31/2010,DSGX,16384,-0.053963,,,,,,
86572,9/30/2010,DSGX,16384,0.14615,,,,,,
86572,10/29/2010,DSGX,16384,-0.017092,,,,,,
86572,11/30/2010,DSGX,16384,0.080696,,,,,,
86572,12/31/2010,DSGX,16384,0.030747,,,,,,
86572,1/31/2011,DSGX,16384,-0.009943,,,,,,
86572,2/28/2011,DSGX,16384,-0.031793,,,,,,
86572,3/31/2011,DSGX,16384,-0.013085,,,,,,
86572,4/29/2011,DSGX,16384,-0.004519,,,,,,
86572,5/31/2011,DSGX,16384,0.025641,,,,,,
86572,6/30/2011,DSGX,16384,0.054412,,,,,,
86572,7/29/2011,DSGX,16384,-0.039052,,,,,,
86572,8/31/2011,DSGX,16384,-0.072569,,,,,,
86572,9/30/2011,DSGX,16384,-0.032864,,,,,,
86572,10/31/2011,DSGX,16384,0.203884,,,,,,
86572,11/30/2011,DSGX,16384,-0.069892,,,,,,
86572,12/30/2011,DSGX,16384,0.034682,,,,,,
86572,1/31/2012,DSGX,16384,0.122905,,,,,,
86572,2/29/2012,DSGX,16384,0.0199,,,,,,
86572,3/30/2012,DSGX,16384,0.064585,,,,,,
86572,4/30/2012,DSGX,16384,-0.048066,,,,,,
86572,5/31/2012,DSGX,16384,-0.009627,,,,,,
86572,6/29/2012,DSGX,16384,0.017011,,,,,,
86572,7/31/2012,DSGX,16384,-0.005974,,,,,,
86572,8/31/2012,DSGX,16384,0.004808,,,,,,
86572,9/28/2012,DSGX,16384,0.045455,,,,,,
86572,10/31/2012,DSGX,16384,-0.016018,,,,,,
86572,11/30/2012,DSGX,16384,0,,,,,,
86572,12/31/2012,DSGX,16384,0.081395,,,,,,
86572,1/31/2013,DSGX,16384,0.011828,,,,,,
86572,2/28/2013,DSGX,16384,-0.034006,,,,,,
86572,3/28/2013,DSGX,16384,0.034103,,,,,,
86572,4/30/2013,DSGX,16384,0.058511,,,,,,
86572,5/31/2013,DSGX,16384,0.19598,,,,,,
86572,6/28/2013,DSGX,16384,-0.031092,,,,,,
86572,7/31/2013,DSGX,16384,-0.02255,,,,,,
86572,8/30/2013,DSGX,16384,-0.054126,,,,,,
86572,9/30/2013,DSGX,16384,0.06848,,,,,,
86572,10/31/2013,DSGX,16384,0.086918,,,,,,
86572,11/29/2013,DSGX,16384,0.100162,,,,,,
86572,12/31/2013,DSGX,16384,-0.016887,,,,,,
86572,1/31/2014,DSGX,16384,0.073936,,,,,,
86572,2/28/2014,DSGX,16384,-0.006954,,,,,,
86572,3/31/2014,DSGX,16384,-0.021709,,,,,,
86572,4/30/2014,DSGX,16384,-0.029349,,,,,,
86572,5/30/2014,DSGX,16384,-0.014012,,,,,,
86572,6/30/2014,DSGX,16384,0.072551,,,,,,
86572,7/31/2014,DSGX,16384,-0.058577,,,,,,
86572,8/29/2014,DSGX,16384,0.039259,,,,,,
86572,9/30/2014,DSGX,16384,-0.015681,,,,,,
86572,10/31/2014,DSGX,16384,0.004345,,,,,,
86572,11/28/2014,DSGX,16384,0.085076,,,,,,
86572,12/31/2014,DSGX,16384,-0.015282,,,,,,
86572,1/30/2015,DSGX,16384,0.033738,,,,,,
86572,2/27/2015,DSGX,16384,-0.01436,,,,,,
86572,3/31/2015,DSGX,16384,-0.002649,,,,,,
86572,4/30/2015,DSGX,16384,-0.003984,,,,,,
86572,5/29/2015,DSGX,16384,0.016,,,,,,
86572,6/30/2015,DSGX,16384,0.056457,,,,,,
86572,7/31/2015,DSGX,16384,0.0478,,,,,,
86572,8/31/2015,DSGX,16384,0.023711,,,,,,
86572,9/30/2015,DSGX,16384,0.02432,,,,,,
86572,10/30/2015,DSGX,16384,-0.011306,,,,,,
86572,11/30/2015,DSGX,16384,0.141795,,,,,,
86572,12/31/2015,DSGX,16384,0.005508,,,,,,
86572,1/29/2016,DSGX,16384,-0.113546,,,,,,
86572,2/29/2016,DSGX,16384,-0.040449,,,,,,
86572,3/31/2016,DSGX,16384,0.142272,,,,,,
86572,4/29/2016,DSGX,16384,-0.055356,,,,,,
86572,5/31/2016,DSGX,16384,0.136191,,,,,,
86572,6/30/2016,DSGX,16384,-0.088348,,,,,,
86572,7/29/2016,DSGX,16384,0.058146,,,,,,
86572,8/31/2016,DSGX,16384,0.055445,,,,,,
86572,9/30/2016,DSGX,16384,0.009381,,,,,,
86572,10/31/2016,DSGX,16384,-0.033457,,,,,,
86572,11/30/2016,DSGX,16384,0.064904,,,,,,
86572,12/30/2016,DSGX,16384,-0.03386,,,,,,
86572,1/31/2017,DSGX,16384,0.021028,,,,,,
86572,2/28/2017,DSGX,16384,-0.036613,,,,,,
86572,3/31/2017,DSGX,16384,0.087886,,,,,,
86572,4/28/2017,DSGX,16384,0.010917,,,,,,
86572,5/31/2017,DSGX,16384,0.082073,,,,,,
86572,6/30/2017,DSGX,16384,-0.027944,,,,,,
86572,7/31/2017,DSGX,16384,0.030801,,,,,,
86572,8/31/2017,DSGX,16384,0.11753,,,,,,
86572,9/29/2017,DSGX,16384,-0.024955,,,,,,
86572,10/31/2017,DSGX,16384,0.062157,,,,,,
86572,11/30/2017,DSGX,16384,-0.04475,,,,,,
86572,12/29/2017,DSGX,16384,0.023423,,,,,,
86572,1/31/2018,DSGX,16384,-0.001761,,,,,,
86572,2/28/2018,DSGX,16384,-0.067019,,,,,,
86572,3/29/2018,DSGX,16384,0.079395,,,,,,
86572,4/30/2018,DSGX,16384,0.035026,,,,,,
86572,5/31/2018,DSGX,16384,0.00846,,,,,,
86572,6/29/2018,DSGX,16384,0.090604,,,,,,
86572,7/31/2018,DSGX,16384,-0.018462,,,,,,
86572,8/31/2018,DSGX,16384,0.097179,,,,,,
86572,9/28/2018,DSGX,16384,-0.031429,,,,,,
86572,10/31/2018,DSGX,16384,-0.09764,,,,,,
86572,11/30/2018,DSGX,16384,-0.038248,,,,,,
86572,12/31/2018,DSGX,16384,-0.100612,,,,,,
86572,1/31/2019,DSGX,16384,0.173847,,,,,,
86572,2/28/2019,DSGX,16384,0.112041,,,,,,
86572,3/29/2019,DSGX,16384,0.053272,,,,,,
86572,4/30/2019,DSGX,16384,0.098955,,,,,,
86572,5/31/2019,DSGX,16384,0.003001,,,,,,
86572,6/28/2019,DSGX,16384,-0.078554,,,,,,
86572,7/31/2019,DSGX,16384,-0.017591,,,,,,
86572,8/30/2019,DSGX,16384,-0.02259,,,,,,
86572,9/30/2019,DSGX,16384,0.136133,,,,,,
86572,10/31/2019,DSGX,16384,-0.034731,,,,,,
86572,11/29/2019,DSGX,16384,0.100745,,,,,,
86572,12/31/2019,DSGX,16384,-0.002568,,,,,,
86572,1/31/2020,DSGX,16384,0.048923,,,,,,
86572,2/28/2020,DSGX,16384,-0.077884,,,,,,
86572,3/31/2020,DSGX,16384,-0.167715,,,,,,
86572,4/30/2020,DSGX,16384,0.223612,,,,,,
86572,5/29/2020,DSGX,16384,0.130941,,,,,,
86572,6/30/2020,DSGX,16384,0.111578,,,,,,
86572,7/31/2020,DSGX,16384,0.064839,,,,,,
86572,8/31/2020,DSGX,16384,0.082017,,,,,,
86572,9/30/2020,DSGX,16384,-0.065135,,,,,,
86572,10/30/2020,DSGX,16384,-0.056511,,,,,,
86572,11/30/2020,DSGX,16384,0.102865,,,,,,
86572,12/31/2020,DSGX,16384,-0.013662,,,,,,
86572,1/29/2021,DSGX,16384,0.044118,,,,,,
86572,2/26/2021,DSGX,16384,-0.040943,,,,,,
86572,3/31/2021,DSGX,16384,0.04013,,,,,,
86572,4/30/2021,DSGX,16384,0.051716,,,,,,
86572,5/28/2021,DSGX,16384,-0.08773,,,,,,
86572,6/30/2021,DSGX,16384,0.183436,,,,,,
86572,7/30/2021,DSGX,16384,0.050607,,,,,,
86572,8/31/2021,DSGX,16384,0.078998,,,,,,
86572,9/30/2021,DSGX,16384,0.03648,,,,,,
86572,10/29/2021,DSGX,16384,0.006276,,,,,,
86572,11/30/2021,DSGX,16384,-0.017243,,,,,,
86572,12/31/2021,DSGX,16384,0.02887,,,,,,
86572,1/31/2022,DSGX,16384,-0.11986,,,,,,
86572,2/28/2022,DSGX,16384,-0.02075,,,,,,
86572,3/31/2022,DSGX,16384,0.028066,,,,,,
86572,4/29/2022,DSGX,16384,-0.151652,,,,,,
86572,5/31/2022,DSGX,16384,-0.045052,,,,,,
86572,6/30/2022,DSGX,16384,0.045661,,,,,,
86572,7/29/2022,DSGX,16384,0.112472,,,,,,
86572,8/31/2022,DSGX,16384,0.019699,,,,,,
86572,9/30/2022,DSGX,16384,-0.097585,,,,,,
86572,10/31/2022,DSGX,16384,0.087203,,,,,,
86572,11/30/2022,DSGX,16384,0.005502,,,,,,
86572,12/30/2022,DSGX,16384,0.00288,,,,,,
86572,1/31/2023,DSGX,16384,0.048385,,,,,,
86572,2/28/2023,DSGX,16384,0.009039,,,,,,
86572,3/31/2023,DSGX,16384,0.094055,,,,,,
86572,4/28/2023,DSGX,16384,-0.01774,,,,,,
86572,5/31/2023,DSGX,16384,-0.023364,,,,,,
86572,6/30/2023,DSGX,16384,0.03595,,,,,,
86572,7/31/2023,DSGX,16384,-0.027962,,,,,,
86572,8/31/2023,DSGX,16384,-0.03737,,,,,,
86572,9/29/2023,DSGX,16384,-0.021078,,,,,,
86572,10/31/2023,DSGX,16384,-0.015944,,,,,,
86572,11/30/2023,DSGX,16384,0.122282,,,,,,
86572,12/29/2023,DSGX,16384,0.037266,,,,,,
