Price,Open,High,Low,Close,Volume
Ticker,SF,SF,SF,SF,SF
Date,,,,,
2021-01-04,47.275998291306095,47.51748512502056,44.953994515566045,45.47412109375,699700
2021-01-05,44.51744473822558,45.808477924556676,44.3223973236926,45.297637939453125,674100
2021-01-06,46.35648533527312,49.040721254623314,46.105708490971296,48.214088439941406,851200
2021-01-07,48.72492771673709,49.44010532446019,48.42771150873485,48.94784164428711,554500
2021-01-08,49.32864033981192,49.32864033981192,47.64750861826124,48.62274932861328,444500
2021-01-11,47.8982893405687,49.02213821768458,47.8982893405687,48.88282012939453,393700
2021-01-12,49.2171862537152,49.58870467660075,48.93854300768097,49.44938659667969,433800
2021-01-13,48.95712260113098,48.95712260113098,47.10880973668905,47.814697265625,750700
2021-01-14,48.167638475065374,48.353399453288,47.656798442275125,48.00045394897461,556100
2021-01-15,48.00045486953293,48.87352687789839,46.858029614733766,48.43699264526367,658700
2021-01-19,48.76206619479645,49.12429811963393,47.80540202990819,48.994266510009766,555300
2021-01-20,49.022129564087734,49.88591502277273,48.71562698947776,49.64442825317383,618700
2021-01-21,49.66300802288045,50.015949975645206,49.142878004932975,49.152164459228516,687200
2021-01-22,48.381260654031564,48.70633969713701,47.73109902472483,48.55773162841797,415500
2021-01-25,47.842559764083276,48.59489019261029,47.28528032723854,48.52058792114258,560900
2021-01-26,48.789936824964705,48.789936824964705,47.67537796992126,47.8239860534668,475800
2021-01-27,46.67226343691499,47.69394340834552,45.864207330671,46.467926025390625,760400
2021-01-28,47.18311501574105,48.864246989308796,46.978781097106534,48.41842269897461,1319700
2021-01-29,50.06240197340999,50.61039499691754,47.6010765956175,48.1304931640625,1406400
2021-02-01,48.60418178237125,49.39366160093305,47.71252969389056,49.13359832763672,996600
2021-02-02,49.988084061244564,50.61966920820747,49.55154633061253,49.74659729003906,557800
2021-02-03,49.36580052340282,50.29460201175962,49.245055337849415,49.32864761352539,609600
2021-02-04,49.63514114384977,50.5639424615774,49.37507790867671,50.24814987182617,423200
2021-02-05,50.87044518197398,51.3627087135313,49.94164392660055,51.26054000854492,425600
2021-02-08,51.45559792446774,51.89213216423095,51.07478949998285,51.8642692565918,272600
2021-02-09,51.74352480419445,52.25436486222386,51.01906085073805,52.040740966796875,483200
2021-02-10,52.235781096782475,52.83021329845416,51.76209050019727,52.635162353515625,499500
2021-02-11,52.6723270233564,53.57326552335224,52.2543656809307,53.51753616333008,648400
2021-02-12,53.55468531148974,54.622808273493916,53.3410614277081,54.297725677490234,484900
2021-02-16,54.79927796708777,54.96646248840113,53.879763099864284,54.56707763671875,898400
2021-02-17,54.13053939091852,54.56707714184394,53.712581634521484,53.712581634521484,657900
2021-02-18,53.48967590839073,53.8704843630262,52.76521190764432,53.39679718017578,466400
2021-02-19,53.53610523459767,54.95717005979879,53.45251297763903,54.94788360595703,659700
2021-02-22,54.91073207207575,56.76833467911711,54.659955294953676,56.26678466796875,521500
2021-02-23,56.32251924799353,57.46494460402767,55.802392704619756,57.167728424072266,790800
2021-02-24,57.54853116741514,59.879824555108826,57.16772275317899,59.83338165283203,706500
2021-02-25,59.87982589624395,60.594999838457284,58.375165114794825,58.523773193359375,778600
2021-02-26,58.486526748888465,59.20341074424706,55.861057338120816,56.86655807495117,1855100
2021-03-01,58.14205021201038,60.10649437760464,58.002396150473444,59.61305618286133,686900
2021-03-02,59.36169420308912,59.585140040925076,58.11413019142021,58.14206314086914,515600
2021-03-03,58.73790029728965,60.05994713094669,58.41204555917891,59.06375503540039,461400
2021-03-04,58.989281382828544,59.65961525585407,56.689666552960915,57.918609619140625,659400
2021-03-05,59.28720356524774,59.37099529486159,55.81450819622978,58.69135284423828,859800
2021-03-08,59.557204501676445,61.242344296699855,59.11962503812636,60.29270935058594,597500
2021-03-09,59.855135011408635,60.73959907716865,58.29102482858831,60.16237258911133,564300
2021-03-10,60.42304150976929,61.279575966535496,60.42304150976929,60.87923812866211,359500
2021-03-11,60.47891454011081,61.894065552893714,60.283401657378036,61.50303268432617,445400
2021-03-12,62.6016321812848,63.23472454208502,61.89406379805652,62.59232711791992,722600
2021-03-15,62.60163200088301,63.06714087945047,61.624067617752424,62.64818572998047,379500
2021-03-16,62.20129049007225,62.42473985311733,61.26096772388772,61.92198944091797,504600
2021-03-17,62.46197212572171,63.04851780432206,61.558890951632755,63.01127624511719,437100
2021-03-18,63.56988814689333,64.18436324541301,61.83819463683056,62.08026123046875,513400
2021-03-19,61.679919001907294,62.089569038836785,60.28339253393958,60.413734436035156,1684300
2021-03-22,60.0971951693839,60.53476752027263,59.40824051107301,59.752716064453125,529100
2021-03-23,59.03583096987792,59.58513154335525,57.25758734244294,57.70447540283203,635200
2021-03-24,58.53308320448866,59.464100926755606,57.18310679689144,57.2203483581543,585100
2021-03-25,56.96897471608396,59.45479394981139,56.44760705024664,59.20341873168945,825200
2021-03-26,60.11581336371959,60.693046902122504,59.073074520991256,60.23684310913086,608800
2021-03-29,59.41754478816366,60.20890835205376,57.993088952541335,58.58893966674805,410800
2021-03-30,58.99859504322213,60.078575513495295,58.6261900664509,59.79927444458008,356600
2021-03-31,59.97616198519583,60.46029519482926,59.482723712259194,59.640995025634766,497900
2021-04-01,59.94822611825641,61.27026948098905,59.91098455975818,61.242340087890625,302700
2021-04-05,62.04301966967045,62.30370349215708,61.51233985872228,62.08026123046875,400100
2021-04-06,62.17336545210769,62.85301154856686,60.96304661475969,61.5775146484375,522900
2021-04-07,61.71717498762245,61.968546685255006,61.10269978858327,61.87544631958008,365600
2021-04-08,61.81025831541585,62.26645495364506,60.70234509090143,62.18266677856445,419400
2021-04-09,62.89024900405867,62.89024900405867,61.62406435318387,62.47128677368164,470200
2021-04-12,62.65749305559069,63.63505736319604,62.4805974224092,63.49540328979492,474800
2021-04-13,63.09506123175566,63.09506123175566,61.76370574576234,62.2757682800293,375300
2021-04-14,62.4619787752678,64.64056405052231,62.2944023956578,63.80264663696289,403400
2021-04-15,64.07264657618833,64.78952717768237,63.123011517921874,64.24954223632812,419000
2021-04-16,65.1712500675059,65.3388335660893,64.38919847618506,65.1060791015625,696400
2021-04-19,64.80813424742055,65.05020080684729,63.48609098988302,63.88642883300781,555700
2021-04-20,63.30920568877185,63.569889516876415,61.149244837631926,61.949920654296875,567300
2021-04-21,61.87543354812949,62.62955558847457,61.35406592548115,62.50852584838867,626800
2021-04-22,62.67611400130319,63.244035391210716,61.81026721858365,62.21991729736328,693000
2021-04-23,62.41542598383303,65.00365399210804,62.41542598383303,64.51021575927734,570100
2021-04-26,65.1339826029916,65.61811567444941,64.70571541091721,64.98502349853516,523300
2021-04-27,64.08195215223236,64.08195215223236,61.44717026782227,63.560577392578125,890600
2021-04-28,63.784024715997276,65.53433543762844,63.07644927401814,65.09675598144531,661800
2021-04-29,65.65536807710147,66.04640092731688,64.33332458746835,64.61263275146484,484100
2021-04-30,64.25884346768444,64.8919358364691,63.58851663876706,64.41712188720703,834700
2021-05-03,65.25503550669363,66.20467765955583,64.33332985499983,65.7019271850586,654200
2021-05-04,65.31089397813282,66.53052490899412,64.1936684608334,66.14881134033203,608300
2021-05-05,66.65154712653711,67.21946843548882,65.19916193150026,66.41879272460938,627000
2021-05-06,66.70741338041522,66.96809717551356,65.17123289861347,66.64224243164062,657700
2021-05-07,65.64604414737386,66.47464913182863,65.4412191663896,65.49707794189453,823000
2021-05-10,65.711224296532,66.05569626455951,63.71884718914352,63.74677658081055,734200
2021-05-11,62.52716107870296,63.951617226808985,62.11751095915788,62.8530158996582,558200
2021-05-12,62.78783944768188,63.76540382510648,60.86993804906943,61.14924621582031,633300
2021-05-13,61.29820995841593,63.87713330172272,61.04683827197452,63.58852005004883,546700
2021-05-14,63.99815788853932,65.61813388125216,63.700232493862536,65.32951354980469,433400
2021-05-17,64.78952371394418,65.32021066599226,63.56058053201089,65.2457275390625,376800
2021-05-18,65.21779713988666,65.53433976982019,63.541962325233186,63.64437484741211,603700
2021-05-19,62.471278702659184,63.458162175549575,61.31681888298982,62.983341217041016,623900
2021-05-20,63.095055984771776,63.86780225291279,62.13610904861855,63.29988098144531,545200
2021-05-21,64.1564558608612,64.98506133936547,63.85852327226258,64.04473114013672,795400
2021-05-24,64.37987167890206,64.76158522037122,64.00746319966564,64.25883483886719,369000
2021-05-25,64.48229688934757,65.54365664721179,63.07645797729492,63.07645797729492,427000
2021-05-26,63.085774969589274,63.746796827020816,62.39681660851734,63.67231369018555,485300
2021-05-27,64.49158329192996,64.72433768206022,63.68160256026082,64.35193634033203,431200
2021-05-28,64.65985441340612,64.85579250331948,63.39091591997204,64.64118957519531,489400
2021-06-01,65.38763384294106,65.84482277077849,64.75316452493058,65.15437316894531,525700
2021-06-02,65.3502934259276,65.3502934259276,63.71746915407612,63.7921142578125,481100
2021-06-03,63.381576179741124,63.93206782802297,63.12032542336674,63.73612976074219,679100
2021-06-04,63.60551612549983,64.06271215211244,62.19662684086256,62.63515090942383,797600
2021-06-07,62.765766594254806,63.194972413716584,61.123616899950925,61.13294219970703,959100
2021-06-08,60.68508088656553,61.8513839314675,59.43480388005963,61.571468353271484,804300
2021-06-09,61.114283431541125,61.17026370331362,59.91999017673233,60.27454376220703,761500
2021-06-10,60.98366566944129,61.41286441659195,59.47213763510302,59.509456634521484,663600
2021-06-11,59.7240464964009,61.039632589311495,59.71471407913242,61.01164245605469,644400
2021-06-14,61.02098878856182,61.02098878856182,59.864017932636386,60.5078125,983800
2021-06-15,60.47981524874237,61.48750286858212,59.93864888417479,60.722408294677734,908900
2021-06-16,60.50780950800835,60.76906028979412,59.397490126143865,60.405174255371094,924200
2021-06-17,60.70374331291807,60.70374331291807,57.68068757917728,58.48310470581055,965800
2021-06-18,57.540738340931746,58.06324350467159,56.36510617161113,56.5143928527832,1399500
2021-06-21,57.19549679856459,58.76300827119404,56.990229896647676,58.03523635864258,989800
2021-06-22,57.829972026176776,58.41778978052732,56.70099148852657,58.08189392089844,775800
2021-06-23,59.06159710810077,60.15325882384245,58.73503361495482,59.91999816894531,1305800
2021-06-24,60.45182925545017,60.87169556655082,59.58409937643223,60.601112365722656,1001600
2021-06-25,61.020972538125484,62.252588184133224,60.61976403351812,61.51548385620117,13762400
2021-06-28,61.5621437542078,61.5621437542078,59.36949186929773,59.79868698120117,976300
2021-06-29,60.507809891395006,60.97433118141123,59.854682932792265,60.26521682739258,635300
2021-06-30,60.01329561131193,60.825045180046494,59.81735753304144,60.51713943481445,1197100
2021-07-01,61.142274722460265,61.468838178217794,60.57311822019024,61.29156494140625,584100
2021-07-02,61.45018117590963,61.45018117590963,60.4611583787952,60.815711975097656,469900
2021-07-06,60.79705150325815,61.011647287586705,59.537442017837975,60.19989776611328,953900
2021-07-07,59.6027547724548,60.339855628503905,58.818998944865896,60.16258239746094,793400
2021-07-08,58.67904373655209,59.649408815269645,57.81131390490896,58.94962692260742,734300
2021-07-09,60.0599552770079,61.00232318631813,59.27619578415415,60.983665466308594,645100
2021-07-12,60.713075801191,62.467193156164264,60.395844764902506,62.215274810791016,667600
2021-07-13,62.336556509139754,62.728439702361186,61.61811703890536,61.68342971801758,654900
2021-07-14,61.67411450420092,62.44854157150569,60.61977892771801,60.76906204223633,388000
2021-07-15,60.03195715286963,61.38487318691811,60.03195715286963,60.909019470214844,465800
2021-07-16,61.45018702868649,61.45018702868649,59.528117965598945,59.686737060546875,450900
2021-07-19,58.044573250550265,58.3058275716662,56.728983463846596,57.14885330200195,503900
2021-07-20,56.831618647737514,59.75204267524954,56.72898340304569,59.3694953918457,956400
2021-07-21,60.14391688658432,61.10494949370759,59.705389345082445,60.853031158447266,569400
2021-07-22,60.72240387903272,60.72240387903272,59.76137130202484,60.097267150878906,354300
2021-07-23,60.619783169138685,60.93701425877984,60.18125197700482,60.80638885498047,414600
2021-07-26,60.675749216129546,61.683436767784514,60.675749216129546,61.27289581298828,524900
2021-07-27,60.32119291881871,61.05829727313946,59.78935903260609,60.638423919677734,351500
2021-07-28,60.42383450291065,62.84974358762054,60.34918939419973,62.15929412841797,604900
2021-07-29,63.39092030805222,63.689493673142955,62.588503054642665,62.83108901977539,478500
2021-07-30,62.48586052707309,63.586851017548454,61.77674619798311,62.084651947021484,502400
2021-08-02,62.700456650985295,63.782789428278306,61.51549574203149,61.552818298339844,560700
2021-08-03,61.82339542439723,61.82339542439723,59.81735271066195,61.3661994934082,425400
2021-08-04,60.685094604916756,61.496844270348625,60.48915650330571,60.871700286865234,454000
2021-08-05,61.067628989531556,62.177951846321015,60.90901347243288,62.15929412841797,364400
2021-08-06,62.877728457487606,63.55885255996646,62.55116503241505,63.148311614990234,383100
2021-08-09,63.07368137042443,63.94141131490824,62.495199486468856,63.484222412109375,576800
2021-08-10,63.33492374694105,64.24930854945384,62.7564419399376,63.80144500732422,285600
2021-08-11,63.99739590194234,64.34262426645729,63.605519673174626,64.2866439819336,685800
2021-08-12,64.59454092911803,64.86511701292518,64.06270694339541,64.72516632080078,515100
2021-08-13,64.69717361618054,64.84646385635116,63.91342121093604,64.26797485351562,424000
2021-08-16,63.78279451362975,64.24931582685493,62.7751067686113,63.7454719543457,466700
2021-08-17,63.17630255675823,63.52153082113519,61.98200937633364,63.045677185058594,432000
2021-08-18,63.02703767304144,63.88543525459028,62.44854863231892,62.57917404174805,354000
2021-08-19,61.627462083003834,62.551172196444746,60.834370236002975,61.226253509521484,404300
2021-08-20,61.207594266002566,62.224614420419826,61.002323751245854,62.17795944213867,741200
2021-08-23,62.75643088961916,63.56817318388046,62.36454768980351,63.26959991455078,301600
2021-08-24,63.70815111625588,64.36128524354694,63.70815111625588,64.10935974121094,327900
2021-08-25,64.40792353405139,65.6675295029038,63.997382550391556,64.82779693603516,325900
2021-08-26,65.17302439978555,65.17302439978555,64.04404370431322,64.12802124023438,310900
2021-08-27,64.01604803104487,66.11539370643494,64.01604803104487,66.0407485961914,415400
2021-08-30,66.15270466278238,66.15270466278238,64.52921295166016,64.52921295166016,382600
2021-08-31,64.4824787259014,65.2866401498789,63.95884138341325,64.61338806152344,387100
2021-09-01,64.68818988363726,64.79104822908896,63.594158900949054,64.72559356689453,413500
2021-09-02,64.71623971093646,65.01546203764671,64.31415904060489,64.80039978027344,311900
2021-09-03,64.54792266159357,65.1370217079694,63.58480108078413,63.63155746459961,451400
2021-09-07,63.481939255190134,64.25804952613446,63.12661501339471,63.32297897338867,593300
2021-09-08,62.86479495638972,63.35102849368151,62.444008936904105,62.77128219604492,364900
2021-09-09,62.43466414261639,64.21129980388277,62.43466414261639,63.71571350097656,460900
2021-09-10,63.97752685636461,63.97752685636461,62.33180778531007,62.44401168823242,330900
2021-09-13,62.93025046173098,63.210767344504,62.28504950351547,63.182716369628906,352200
2021-09-14,63.584807143473626,63.584807143473626,61.30323236896743,61.415443420410156,344800
2021-09-15,61.29387625506756,62.472059989446436,61.125563273867435,62.36920166015625,342500
2021-09-16,62.7058318062025,62.72453721315162,61.75206293844899,62.23829650878906,350600
2021-09-17,62.500108885140726,63.35102646568929,62.21023931261273,63.19206619262695,1465600
2021-09-20,61.30321869722238,61.761408371244706,59.93801664557221,60.98529815673828,487200
2021-09-21,61.72401831984916,61.72401831984916,59.93802987543566,60.42427062988281,348700
2021-09-22,61.05076114085941,62.18219572580258,60.80764078410437,61.62115478515625,420700
2021-09-23,62.43466301631175,63.940127305919354,61.817520108323706,63.79051971435547,499500
2021-09-24,63.60350333940941,64.99676376336238,63.60350333940941,64.80039978027344,407400
2021-09-27,65.4549327484781,66.5396179154975,65.33337615590725,65.81025695800781,345800
2021-09-28,65.93183397143905,66.5209259166437,64.15519829771297,64.258056640625,328800
2021-09-29,64.66013357463933,64.80974116131281,63.69701199573196,64.57597351074219,280800
2021-09-30,64.99676771179496,65.25858637181855,63.5380525381981,63.54740524291992,514900
2021-10-01,63.743754706292655,65.83831777703136,63.23881577677646,65.3053207397461,622400
2021-10-04,65.23988048219044,66.22170758407583,64.45442450790084,64.75364685058594,370800
2021-10-05,65.52040029936154,66.69859131839146,64.8565009925336,66.1375503540039,568600
2021-10-06,65.3894930418634,66.44612034369726,64.60402995972089,66.07209777832031,544800
2021-10-07,66.88560706345916,68.43782787378423,66.85755608346928,67.81132507324219,547600
2021-10-08,67.7084451512478,68.83987937995435,67.49337583913713,68.2788314819336,355900
2021-10-11,68.6902901046077,69.35418941980305,67.93288514983975,67.9422378540039,372800
2021-10-12,67.81133148962438,68.65289663906758,67.60562190555966,68.24147033691406,400600
2021-10-13,68.3817144005186,68.54068183365308,66.72664248089828,67.30638885498047,488000
2021-10-14,68.2227455192508,68.48456412815119,67.63365364922487,68.37236022949219,315300
2021-10-15,69.49445320968289,70.21445450008814,69.25133283340624,69.57861328125,451600
2021-10-18,69.48509197165188,70.60718093926008,69.3915863411901,70.28925323486328,487900
2021-10-19,70.4669130859071,70.59782238450762,69.72820653864885,69.95262145996094,560700
2021-10-20,69.76563598140547,71.48616290361791,69.4009589243273,71.24304962158203,487200
2021-10-21,70.85964805768178,71.33653605536053,69.73756620504966,70.74744415283203,582200
2021-10-22,70.97186412970169,72.60823777568416,70.6165327150851,72.24356079101562,459900
2021-10-25,72.46796951228858,72.8606974413511,71.85081950888546,72.61758422851562,394800
2021-10-26,72.83265527782673,73.4965546098614,72.25290888333495,72.36511993408203,627900
2021-10-27,71.5516179474807,72.24357550953987,67.80198899411064,67.83003997802734,1260900
2021-10-28,68.63419475896231,69.33549782434538,68.07315373346059,69.00822448730469,699900
2021-10-29,69.21392103844127,69.91522397187897,68.0918391985499,68.13859558105469,639300
2021-11-01,68.69029022135595,69.83107757454039,68.57807917326431,69.65341186523438,532900
2021-11-02,69.71885569985749,70.29860199060137,69.34483319901308,69.97132873535156,457000
2021-11-03,69.57860590814708,71.62640564563644,69.57860590814708,71.28977966308594,592800
2021-11-04,71.32717690997657,71.50484258863924,68.99885335233702,69.69080352783203,618500
2021-11-05,70.14898777878503,71.39263329154498,69.90587457832247,70.33600616455078,434000
2021-11-08,70.99057363841797,71.98175354055037,70.59784561339663,71.74798583984375,388100
2021-11-09,71.28978454143224,71.75731986763213,70.23315727246876,70.89705657958984,360800
2021-11-10,70.90641143505411,70.95316068867879,69.53185639287658,70.11160278320312,434300
2021-11-11,70.32666130984515,71.8508238703094,70.10224635590465,71.6825180053711,373000
2021-11-12,71.75730778806134,72.30900308979716,71.26172156715974,71.65444946289062,275600
2021-11-15,72.15939981445534,72.15939981445534,70.85029948733629,71.15887451171875,378300
2021-11-16,70.83162156048002,71.38330997404488,70.07421640489949,70.85967254638672,324600
2021-11-17,70.8222494809162,70.8222494809162,69.41964349705478,70.27056121826172,290500
2021-11-18,70.3266631717796,70.7848457956287,69.60666190573103,70.0928955078125,344600
2021-11-19,69.41964259992069,69.7469158984543,68.42847000035523,69.18587493896484,384900
2021-11-22,70.17705881251226,71.23368613411812,69.59731241089253,70.30796813964844,381400
2021-11-23,70.58847856045551,71.21498129286837,70.18639791160365,71.13082122802734,312100
2021-11-24,70.56978827275246,71.59836463638688,70.46692992298667,71.4955062866211,303700
2021-11-26,68.72768582413465,68.91469708161186,67.47469470418856,68.21339416503906,288400
2021-11-29,69.33549647211593,69.57861686090054,67.9889923299533,68.63419342041016,460200
2021-11-30,67.93146126484206,68.1188555399124,66.24488419467538,66.53535461425781,840400
2021-12-01,68.34373824569977,69.08395779570645,65.27979104829025,65.30789947509766,557800
2021-12-02,65.78574244492383,68.13757774222387,65.23292450397466,67.84711456298828,465800
2021-12-03,68.39993254306765,68.46552123353356,65.13922028465797,65.76700592041016,409600
2021-12-06,67.1162631320006,67.92207116594244,65.9450313557632,67.05067443847656,728500
2021-12-07,67.93144414196355,69.27133360201927,67.77215833344017,68.20317077636719,481900
2021-12-08,68.30623930485592,68.30623930485592,66.8632808842259,67.2568130493164,573700
2021-12-09,66.73210462422266,67.3130310257605,65.97314870033915,66.02936553955078,359600
2021-12-10,66.37604934889796,66.62903943698036,64.27720383177213,65.2329330444336,511600
2021-12-13,64.94246815216293,64.94246815216293,63.6213222038912,64.01485443115234,512900
2021-12-14,63.74311240715548,65.02678491399766,63.58382661285102,64.70820617675781,487400
2021-12-15,64.80192939803719,65.57025732627187,63.90241690527331,65.20482635498047,462200
2021-12-16,65.96378116947416,66.35731336702254,64.52082262983133,65.0455322265625,479300
2021-12-17,64.89561827537096,64.89561827537096,63.16219651557321,63.75249481201172,1470900
2021-12-20,62.39385539472202,62.53440463679114,60.70728593578677,61.69111633300781,455800
2021-12-21,62.48756408795141,63.9586310088829,62.131505029633885,63.82745361328125,381700
2021-12-22,64.12728484063781,64.4646001658759,63.68690054665301,64.2771987915039,235500
2021-12-23,64.43648712260159,65.23293048477878,64.31468158596158,64.80191802978516,184600
2021-12-27,65.02677559954337,66.61027575788414,64.66135193618551,66.56343078613281,374500
2021-12-28,66.28234888498,67.33177516491925,66.28234888498,66.97572326660156,250800
2021-12-29,66.97572326660156,67.30366674513517,66.80706559926546,66.97572326660156,201200
2021-12-30,67.3036670187532,67.72530761449175,66.08558306652583,66.18865203857422,187200
2021-12-31,65.90755287634178,66.59155539769378,65.87007974927714,65.98251342773438,225900
2022-01-03,66.59155941832728,67.62224204199471,66.33857647789236,67.12564086914062,483400
2022-01-04,68.2500134619485,70.21768853115438,67.56601811960128,69.36502838134766,528200
2022-01-05,70.38635767270972,70.54564350185774,68.20317960744873,68.26876831054688,496400
2022-01-06,69.59928664823448,70.16147655770034,68.29687728432943,69.7679443359375,493900
2022-01-07,69.78668268391796,70.9579145505016,69.51495603303471,70.93917083740234,478500
2022-01-10,70.41445421436816,70.9297918950038,67.88458934610046,69.85226440429688,761600
2022-01-11,70.06776634295535,70.69554483878578,69.09330067920618,70.63932800292969,518400
2022-01-12,70.84546540922346,71.42639892042605,69.67423367999895,69.78667449951172,385400
2022-01-13,70.08649668252754,70.4425484894054,69.43060274527272,69.87098693847656,416400
2022-01-14,68.62481817160632,69.10268279321714,67.63161579800513,69.08394622802734,494500
2022-01-18,68.41868079707831,68.41868079707831,65.62646789879803,65.96378326416016,469100
2022-01-19,67.20059281803698,67.20059281803698,64.22097901390805,64.23971557617188,401700
2022-01-20,64.58640623908015,66.11368992269756,63.9867361333266,64.13665008544922,356900
2022-01-21,63.340209804998125,64.00546856220166,62.187721799079,62.49692153930664,587000
2022-01-24,61.194518797043315,63.52761776584154,60.32312202344404,63.274627685546875,707200
2022-01-25,62.36574671989071,63.54635034033848,60.45429562204287,62.52503967285156,834800
2022-01-26,64.68010214491045,68.76535913196385,64.30530654865545,66.49785614013672,1368600
2022-01-27,68.13759956154477,70.1240046212607,66.97573932391533,67.73469543457031,1210500
2022-01-28,67.57538862978365,69.07456381805578,66.62903138805545,68.99960327148438,807800
2022-01-31,68.41867664953118,70.20832234886018,67.79089809318691,70.18021392822266,1073600
2022-02-01,70.29264761682026,73.00054223278862,69.94596756408517,72.85999298095703,802800
2022-02-02,73.14107982309115,73.64705280928656,71.95111148142098,73.10359954833984,793300
2022-02-03,72.89747083083377,73.47839723440174,71.13593361064271,71.29521942138672,665400
2022-02-04,71.96049362561833,73.48777750977794,71.342079726753,72.84125518798828,604500
2022-02-07,73.0848738310002,73.27226808393436,72.07292770843762,72.49457550048828,650100
2022-02-08,73.02865157554943,76.52360345946195,73.02865157554943,76.2987289428711,1376100
2022-02-09,77.09517213656795,78.03215771362616,75.53040793855259,75.79276275634766,876600
2022-02-10,75.25868158506205,77.844763790414,74.55594239926455,75.09939575195312,784100
2022-02-11,74.94009137042356,76.15816803514016,72.58825614244013,73.46902465820312,927100
2022-02-14,73.47841141768876,73.81572681651143,71.17342762482251,72.26969909667969,877700
2022-02-15,73.42217980513928,74.61214817105103,73.42217980513928,73.81571197509766,508600
2022-02-16,73.06613359988333,74.01248382295063,72.9162124861506,73.5908432006836,417900
2022-02-17,72.54140930069231,72.68195854303102,71.07971433708505,71.21089172363281,486500
2022-02-18,70.90168434389774,71.64190367651955,69.7585609985484,70.31138610839844,847300
2022-02-22,69.4868490797715,70.10525580110148,68.23128477498422,69.01835632324219,663100
2022-02-23,69.64612834082222,69.89911126011951,67.40673374744823,67.74404907226562,516900
2022-02-24,64.97994085025438,67.31303266662093,64.08043565778333,67.04131317138672,730200
2022-02-25,67.6503430132601,69.84289256631219,67.6503430132601,69.80541229248047,789800
2022-02-28,67.3594092721354,69.54200441578442,67.3594092721354,69.14688110351562,759200
2022-03-01,68.43187847107973,68.72352320537776,64.42418758655106,64.80049133300781,1047100
2022-03-02,65.54370636120915,67.65104475865559,64.55589821634446,67.45347595214844,1023500
2022-03-03,67.87683172761115,68.20610112512207,65.5719315899656,66.35277557373047,658700
2022-03-04,64.66879613422634,64.69701820293326,62.26982698617903,62.90955352783203,782700
2022-03-07,62.495602029997436,62.64612210136565,58.14922820341795,58.196266174316406,1480700
2022-03-08,58.64783863509483,60.45412619107998,56.77569720043614,58.10218811035156,734200
2022-03-09,60.69872121232807,62.22277732197072,60.33182001181797,61.26319122314453,630900
2022-03-10,59.61683538680897,60.99036787806932,59.588613320889905,60.153076171875,481900
2022-03-11,61.1220736606159,61.64890468082565,60.01196031264938,60.09663009643555,489500
2022-03-14,61.357269090526735,62.185147460141835,60.28478752038699,60.66109848022461,525300
2022-03-15,61.15970422567385,61.83706248214722,60.36004796415608,61.76179885864258,586900
2022-03-16,62.984799546948366,64.67819516407599,62.87191129082925,64.41477966308594,628500
2022-03-17,63.483424420164084,65.2144449097749,62.70258037912797,65.12036895751953,460900
2022-03-18,64.74404363583285,65.51547775757786,63.96319976768521,65.16738891601562,710200
2022-03-21,65.53430740382343,66.02350662955081,64.61234590692793,65.33673858642578,501600
2022-03-22,66.80434788443901,68.30958449145527,66.56915444029477,67.75452423095703,782700
2022-03-23,67.02072435554417,67.60400670288247,66.05172847761322,66.17402648925781,437200
2022-03-24,66.71966346734865,66.9548568725586,65.86356320470168,66.9548568725586,554900
2022-03-25,67.35940244703816,67.64163745722462,66.3151429578965,66.96427917480469,387000
2022-03-28,66.98308423880714,67.13361147528134,65.49666725505976,66.27750396728516,446700
2022-03-29,67.41584643600726,67.89563585268347,66.11757414314914,67.03953552246094,514800
2022-03-30,66.36218087277457,66.86078980951343,64.80049300993643,65.25206756591797,545500
2022-03-31,64.9980481748842,65.6377745453792,63.87853240966797,63.87853240966797,528800
2022-04-01,64.66878526468204,64.89457613145701,62.608495642482346,63.28584671020508,766900
2022-04-04,62.82487598780186,63.172964893074024,61.85588007944951,62.5050163269043,666300
2022-04-05,62.43914986089008,62.74019714239856,61.45133465537581,61.94994354248047,700600
2022-04-06,61.394898015651094,61.742979715657725,60.792803379253115,60.96214294433594,698200
2022-04-07,60.5576122950984,60.726951866773554,58.525537434996615,59.673282623291016,615000
2022-04-08,59.6544688854278,61.10325786754709,59.56039293719563,60.05900192260742,688000
2022-04-11,59.917879291300494,61.08444032903658,59.50394013017715,59.68268585205078,316300
2022-04-12,60.14366827871386,60.54820129280402,59.193484747472425,59.5886116027832,529200
2022-04-13,59.17467824505676,61.385495418491594,59.118230520531725,61.178524017333984,396100
2022-04-14,61.18793071713185,62.22278049382371,61.18793071713185,61.44193649291992,450400
2022-04-18,61.03740391011248,62.05344137583961,60.519982606711736,61.77121353149414,355500
2022-04-19,61.79943915311605,64.50886537337689,61.79943915311605,64.17959594726562,473500
2022-04-20,65.1956371804062,65.63779490488979,64.53709111318392,65.05451965332031,550700
2022-04-21,65.80712357165699,66.0987683265366,63.31407877654257,63.530452728271484,463100
2022-04-22,63.12591264077968,63.12591264077968,60.83042973691028,60.8398323059082,559700
2022-04-25,60.209521284019864,61.82765331693338,59.362823455456486,61.6583137512207,522600
2022-04-26,60.915097728798116,61.41370664674426,59.36281967163086,59.36281967163086,514500
2022-04-27,59.645061284472284,62.0628497010277,59.645061284472284,60.81161880493164,969300
2022-04-28,61.8746864382594,62.42974668360528,59.38163815164747,61.9405403137207,670900
2022-04-29,61.6865388775977,61.94054465000662,57.979891331534795,58.186859130859375,845300
2022-05-02,58.713700587534476,59.88026183501954,58.102196100029225,59.71092224121094,640600
2022-05-03,59.833211143563126,60.802206991328106,59.51334791389792,60.50115966796875,436200
2022-05-04,61.49838917864612,63.06947978605466,60.38827574817949,63.0600700378418,828900
2022-05-05,61.85587312218135,61.97817112390993,59.45690081390338,60.76457214355469,448200
2022-05-06,60.03077818981834,60.48234918858131,58.215084446943976,58.94888687133789,553400
2022-05-09,57.9986976239432,58.46908445434415,56.20182007536226,56.45582580566406,690100
2022-05-10,57.067340206066376,57.66002872197067,55.50565579669316,56.87918472290039,670300
2022-05-11,56.88858768121673,58.42204625239769,56.43701672877384,56.5593147277832,578800
2022-05-12,56.05130465367192,56.68162137624345,54.969413349572825,56.64398956298828,1358800
2022-05-13,57.74469650293937,59.79558366175506,57.73528675528608,58.90184783935547,1108900
2022-05-16,58.845399553195634,58.995923215294056,57.64121025640825,58.13041305541992,586800
2022-05-17,59.598016002650525,60.632865698666556,59.05236909037008,60.26596450805664,634100
2022-05-18,59.34400783829833,59.78616904527947,56.333531223743925,56.596946716308594,596300
2022-05-19,55.5903198284544,56.46523968412845,54.83770156248934,56.20182418823242,807400
2022-05-20,56.794508873965036,57.264895737297984,54.33908887316435,56.16419219970703,868300
2022-05-23,57.311935514575204,58.93006752391231,56.72865679048952,58.47849655151367,568500
2022-05-24,57.631799962124944,57.87640315369396,55.957223788569856,57.68824768066406,418400
2022-05-25,57.37779305624114,58.9771055731798,57.10496780522753,58.770137786865234,769100
2022-05-26,59.456902336241505,60.501158195039835,59.456902336241505,59.72031784057617,507900
2022-05-27,60.153073444335234,60.651685981822844,59.880251779031205,60.529380798339844,536700
2022-05-31,60.34980221112724,60.85074696080753,59.90556961645157,60.652259826660156,636900
2022-06-01,60.83184721363845,61.33279196907428,58.809160534430504,59.78269577026367,524400
2022-06-02,60.113509142534994,61.26663109684578,59.527497941994135,61.04923629760742,387400
2022-06-03,60.39705648875223,60.69951406595361,59.61255466905077,59.82049560546875,401000
2022-06-06,60.87911371408992,62.01332806768377,60.59555652011196,60.992530822753906,994500
2022-06-07,59.81105139497797,61.2193690392173,59.81105139497797,61.18156814575195,560600
2022-06-08,60.7089754856022,60.992525443412994,59.886665464518366,60.557743072509766,496400
2022-06-09,60.23637873930403,60.23637873930403,58.9414819069455,58.97929000854492,606800
2022-06-10,57.61822798255572,58.412180099092396,56.48401015813489,56.729759216308594,801000
2022-06-13,55.009536402980615,55.066244956937446,53.40272793858001,53.66737747192383,550200
2022-06-14,53.98873651565741,54.60310559429306,53.55395413061827,54.07380294799805,578800
2022-06-15,54.707072631576736,55.50102474819956,53.6201131318932,54.678714752197266,1281100
2022-06-16,53.16643142700195,53.54450527049239,52.14563421292541,53.16643142700195,610500
2022-06-17,52.939584819084686,54.376260333639934,52.939584819084686,53.147525787353516,1251500
2022-06-21,54.66926504747992,54.82049385181348,53.44053056157234,53.553951263427734,446800
2022-06-22,52.618218841930016,53.57285356768859,52.391377445616385,53.27984619140625,766900
2022-06-23,52.87341704844413,53.449977961256245,51.739202878639425,52.29685974121094,555100
2022-06-24,52.62767428842228,55.25527611092887,52.49534953557362,54.86775207519531,1084500
2022-06-27,55.40650377926384,55.65225283429896,53.94147409398797,55.614444732666016,712900
2022-06-28,56.35168464182381,57.003861774947154,54.981171606140585,55.03788375854492,564800
2022-06-29,55.0095279922489,55.0095279922489,53.84695594135319,54.28173828125,540100
2022-06-30,53.09081444429191,53.818604238804525,52.306316097985665,52.949039459228516,585300
2022-07-01,52.646576458115305,53.67682377564779,51.8620745862936,52.93013000488281,500900
2022-07-05,51.654138061958115,53.317654873503685,51.247709983091255,53.308204650878906,554400
2022-07-06,53.01519982279051,53.865864123120076,51.83372363098788,52.16453552246094,1266500
2022-07-07,52.72218989193007,53.52559582703901,52.72218989193007,53.308204650878906,591300
2022-07-08,53.667370107873026,53.84695678563933,52.52370208933374,52.76945114135742,539400
2022-07-11,51.72975371390148,52.13618181676451,51.11538825080519,51.6163330078125,779100
2022-07-12,51.020862187787074,53.03409842116486,51.020862187787074,51.89043045043945,501700
2022-07-13,51.162639755834924,52.013300346443806,50.6427910161997,51.67303466796875,572700
2022-07-14,50.62389826266535,50.794031139865226,49.66926338442385,50.17021179199219,485600
2022-07-15,51.257155686572794,52.46698598830356,50.31197486195096,52.032203674316406,818200
2022-07-18,52.99629457945952,53.70518027860219,52.07946792144969,52.33466720581055,530000
2022-07-19,53.21369074540714,54.66927038265466,53.21369074540714,54.47078323364258,422500
2022-07-20,54.37625773773474,55.93580771414,54.20612488192402,55.69951248168945,551600
2022-07-21,55.54828768466614,57.410295404496004,55.255280277280015,57.202354431152344,820500
2022-07-22,57.145642273264244,57.542620167322205,56.64469749811382,57.202354431152344,669400
2022-07-25,57.82616299687005,58.18533271890677,56.92824049456761,57.419734954833984,589300
2022-07-26,56.899889245120576,57.50480442662269,56.04922501764642,56.30442428588867,902700
2022-07-27,55.94525793698322,56.35168602524448,53.62011371500881,55.69951248168945,1003100
2022-07-28,55.85074493645126,56.03978185588233,54.49913583005117,55.86019515991211,666000
2022-07-29,55.6049960067188,57.30632096462514,55.586091955393506,56.531272888183594,805700
2022-08-01,56.058679107908,56.65414046434839,55.51992629651208,56.23826217651367,473800
2022-08-02,55.6144468572171,56.257170187214,55.05678995635446,55.50102615356445,567800
2022-08-03,55.897993760915995,57.52370594380215,55.65224833134374,57.287410736083984,611500
2022-08-04,57.589876797730646,57.65603917719256,57.032219881137905,57.088932037353516,370400
2022-08-05,56.767564476116846,57.769453892968514,56.60688185295944,57.61822509765625,744400
2022-08-08,57.93014313535372,58.49725028117892,57.457552645306286,57.467002868652344,364200
2022-08-09,57.627683174901364,57.63713339786446,56.93770152006201,57.391387939453125,378000
2022-08-10,58.421632759148,59.858308160607834,58.2325958579282,59.36681365966797,556700
2022-08-11,60.1985697726029,60.73732619870476,59.7354331541922,60.07569885253906,407900
2022-08-12,60.68060216727172,61.08703018425765,60.047332786038766,61.01142120361328,260900
2022-08-15,60.37815864657856,61.17211076974809,60.311996270112694,61.11540222167969,474800
2022-08-16,60.746778011312884,61.805383297952794,60.61445325187771,61.31389236450195,481700
2022-08-17,60.368703357346476,61.08703925826998,60.07569958453906,60.7751350402832,442900
2022-08-18,60.954720632002854,60.9925287373178,60.387613474596264,60.69007110595703,562600
2022-08-19,60.037892793552516,60.037892793552516,59.15887424478469,59.22503662109375,303800
2022-08-22,58.024661104739984,58.56341398714443,57.52371632773429,58.128631591796875,681300
2022-08-23,58.497243563424895,59.168321116887476,58.26094834553704,58.51614761352539,349000
2022-08-24,58.48779281623162,58.988737519872615,58.11917285652758,58.64847183227539,1185700
2022-08-25,59.11161778767848,59.75434112548828,58.90367682380496,59.75434112548828,254200
2022-08-26,60.132410509625416,60.19857288710715,58.35547293500311,58.383827209472656,368100
2022-08-29,57.72219305294651,57.77890520080721,56.79591627136076,57.287410736083984,303300
2022-08-30,57.77891218777225,57.77891218777225,56.323332666872254,56.587982177734375,283500
2022-08-31,56.910955022807485,57.05344759690846,56.18900158591303,56.34099197387695,244500
2022-09-01,55.81852620899498,56.92045751829992,55.15357047179656,56.85396194458008,518400
2022-09-02,57.69941050655579,57.69941050655579,55.42904876488968,55.828025817871094,437700
2022-09-06,56.388495411278726,56.388495411278726,54.935086916357,55.875526428222656,483400
2022-09-07,55.43855218363504,57.11044659369305,55.38155442439078,56.939456939697266,306600
2022-09-08,56.445479705886264,57.77539825439453,55.98950856392997,57.77539825439453,303200
2022-09-09,58.421368631457085,59.10532727747003,58.34537161579469,58.9343376159668,369000
2022-09-12,59.40930251840724,60.16925448504088,58.924830648359226,59.12432098388672,625900
2022-09-13,57.5854173835214,58.18388117597783,56.54048382414151,56.81596755981445,326200
2022-09-14,56.73047556260415,56.74947481674364,55.2675656074981,56.303001403808594,625700
2022-09-15,56.14150771526285,57.87990136280397,56.0465150714163,57.11994934082031,483400
2022-09-16,56.47399199857849,56.47399199857849,55.03957908915972,55.68553924560547,1205000
2022-09-19,54.95407965767409,56.54998066079766,54.925582590248055,56.511985778808594,687200
2022-09-20,55.95152613859775,56.31250110814625,55.04908146725185,55.27706527709961,428500
2022-09-21,55.85652147254199,56.79696451214462,54.849586486816406,54.849586486816406,496100
2022-09-22,55.191566042225865,55.191566042225865,53.633663512102586,53.80465316772461,455700
2022-09-23,52.88320491837791,52.97820117679055,51.11631799674365,51.70528030395508,447400
2022-09-26,51.07832476314306,51.82877897521215,50.44186244919297,50.71734619140625,620000
2022-09-27,51.10681972320666,51.762281263756826,49.928895035855064,50.5273551940918,514300
2022-09-28,50.87883979779794,51.3823073536879,50.63185311562522,51.23981475830078,881800
2022-09-29,50.37536453674695,50.61284976065956,49.14044209714877,49.4349250793457,706900
2022-09-30,49.387432716598106,50.70785008755594,49.23544230606491,49.31143569946289,662800
2022-10-03,50.22337429199361,51.43930110628603,49.18793856761841,50.85983657836914,904100
2022-10-04,51.9997682592443,54.45061398168187,51.9997682592443,54.355621337890625,868300
2022-10-05,53.16819324800294,54.042137135218724,52.95920509073963,53.747657775878906,357300
2022-10-06,53.44367406584026,53.861650385930005,52.7122227531572,53.044700622558594,436500
2022-10-07,52.493732225215574,52.493732225215574,51.09732157471861,51.61029052734375,368300
2022-10-10,52.21825527174414,52.389244932939945,50.831338728296295,50.850337982177734,466100
2022-10-11,50.49886339077118,51.00233096093317,49.56792164606725,50.08089065551758,636400
2022-10-12,49.900398415478,50.26137700176974,49.36843378698202,49.482425689697266,404800
2022-10-13,48.29499474705101,51.838273813890986,46.84158635233494,51.648284912109375,701900
2022-10-14,52.08526254694161,52.6837227193347,49.311433167467214,49.577415466308594,905800
2022-10-17,51.01182625766334,51.64828491132463,49.93839204278991,50.308868408203125,1583500
2022-10-18,51.952268228737566,52.24675122198867,50.33737154450212,50.87883758544922,934900
2022-10-19,50.07138951767297,50.69835043619652,49.44442859914942,49.83390426635742,568800
2022-10-20,50.004887912951894,50.24237313565683,48.41848836467669,48.6369743347168,327800
2022-10-21,48.69397356043135,49.83390347335382,48.133508231295814,49.61541748046875,471900
2022-10-24,49.84339970681027,50.68884651994205,49.282934436210766,50.270870208740234,536500
2022-10-25,50.2708697726431,51.790777359191715,50.185378571988274,51.77177810668945,1405400
2022-10-26,51.505799522653405,53.89965115401431,49.79590291186908,53.11119842529297,1646500
2022-10-27,53.852143616792574,56.4644808638146,53.41517171062386,55.58103561401367,1129600
2022-10-28,55.780530870330864,59.095822585766804,55.68553460598186,58.3548698425293,1438800
2022-10-31,57.96539785485034,59.684792298206006,57.72791261468317,58.77284622192383,1328700
2022-11-01,59.428296458428775,60.30224023600414,59.4187950213432,59.694278717041016,1087200
2022-11-02,59.55179770373149,60.758223162355854,58.97233675987285,59.06732940673828,681200
2022-11-03,58.326379736054044,59.67529423716358,57.76591439258549,59.22882080078125,707800
2022-11-04,60.1597631555654,60.50173885961007,58.87734067638337,59.86528015136719,396700
2022-11-07,60.55873046902548,60.82471275305835,59.87477188295599,60.634727478027344,451100
2022-11-08,60.72972438649554,61.17619778643867,59.96027092305385,60.47323989868164,398100
2022-11-09,59.91276480005693,60.41623225466255,58.75383588701672,58.943824768066406,703400
2022-11-10,61.185700105248074,62.46811893902788,60.36874668421949,62.41111755371094,922700
2022-11-11,63.14258602887272,63.6080551382278,62.61062133246692,63.19007873535156,632700
2022-11-14,62.77209032206771,62.857581515987,61.3756761749337,61.38517761230469,652000
2022-11-15,62.069131265427174,63.27556019583896,61.62266515664465,62.2496223449707,546900
2022-11-16,61.78416121544819,61.78416121544819,60.38774683770569,60.701229095458984,368300
2022-11-17,59.618287410744394,60.026762274770675,59.12432134719977,59.58979034423828,405000
2022-11-18,60.60623152773499,60.61573296647174,59.47580310844879,60.22625732421875,539100
2022-11-21,59.741781289879206,60.64422584951596,59.51379750825243,60.05526351928711,727100
2022-11-22,60.4447467828691,60.99571067796258,59.950777028525486,60.85321807861328,530300
2022-11-23,60.691724178848666,61.375682793855766,60.61573079036843,60.872215270996094,352300
2022-11-25,60.82472481288063,61.52767916683971,60.653735132460845,61.480186462402344,103000
2022-11-28,60.796221043515,61.23319301256834,59.73228818989989,59.9412727355957,315900
2022-11-29,59.70378041928562,60.64422344650771,59.70378041928562,60.197750091552734,324500
2022-11-30,60.23593718246539,61.36219963802619,59.00468360361053,61.32402038574219,517200
2022-12-01,61.42901661857512,61.84898114668314,60.703625328738106,61.658084869384766,327400
2022-12-02,60.989954849285816,61.77261123691521,60.8563274798351,61.00904083251953,352000
2022-12-05,60.46500112527125,60.46500112527125,58.155211140537354,58.74697494506836,318100
2022-12-06,58.49882085001699,59.195575815002776,57.6207162584223,58.346107482910156,620200
2022-12-07,58.18384550564794,58.269746999288095,57.458457946777344,57.458457946777344,345600
2022-12-08,57.916597614407536,57.97386649007877,57.172120435550084,57.30574417114258,513800
2022-12-09,56.923959791280694,57.45845838253676,56.62807969836693,57.086219787597656,660400
2022-12-12,57.13394411703449,58.43200957107195,56.4085528852023,58.25065994262695,469700
2022-12-13,59.91142330329559,60.484097547397084,57.20075817533203,57.84024429321289,1171000
2022-12-14,57.40118521278126,58.040674876005596,56.885776285580775,57.258018493652344,562700
2022-12-15,56.45626757610474,56.55171204722132,54.957766805540615,55.25364685058594,907600
2022-12-16,54.43282310793315,55.12003510026896,53.99377261992927,54.75733947753906,2325200
2022-12-19,54.929140207714404,55.291835815469355,54.26101786952595,54.766883850097656,687800
2022-12-20,54.79551854296836,55.58772165819455,54.46145918171272,55.00550079345703,539400
2022-12-21,55.81678587487003,56.5517200576842,55.158210192543734,55.97904586791992,534500
2022-12-22,55.46363963312859,55.46363963312859,53.63107558224,55.07231140136719,451000
2022-12-23,55.02458588382571,55.492268951028656,54.5282665587516,55.30137634277344,279800
2022-12-27,55.549540745062664,55.68316448557148,54.79551690536424,55.120033264160156,245400
2022-12-28,54.9673187512409,55.47318108432289,54.509178661491866,54.537811279296875,243200
2022-12-29,54.92913848541193,56.37991722996878,54.84323699261009,56.255836486816406,410400
2022-12-30,55.69270618140311,56.19857215423237,55.358646837908694,55.711795806884766,365600
2023-01-03,56.42763671373902,57.42027532848167,56.22720112065836,56.76169967651367,628000
2023-01-04,57.13393574768862,57.13393574768862,55.23456008988662,55.396820068359375,1369300
2023-01-05,55.22502890275001,55.893151300909174,54.59508575956547,55.54954528808594,637600
2023-01-06,56.15085386600516,57.553906848479656,55.94087161189067,57.363014221191406,472800
2023-01-09,57.897505114244254,58.441546662698215,57.40118580599312,57.687522888183594,452700
2023-01-10,57.353468929234126,58.107492774261736,57.14348668353684,57.89751052856445,504800
2023-01-11,58.23157181348933,58.86151493049981,58.08840507474432,58.785160064697266,508500
2023-01-12,59.16694771331521,59.959147227854565,58.76607281844807,59.70144271850586,468900
2023-01-13,58.92832645947539,60.19775560051313,58.651532352589214,59.758705139160156,387900
2023-01-17,59.48190985283061,60.41727963319917,59.415097985730974,60.22638702392578,405000
2023-01-18,59.87324150482157,60.36956086107056,58.81379092138372,58.82333755493164,499300
2023-01-19,57.83069754461167,57.83069754461167,56.85714848008379,57.515724182128906,768700
2023-01-20,57.773430363388556,58.99514095682029,57.24847838481521,58.976051330566406,535000
2023-01-23,58.68016254213897,60.66543981024281,58.29838097279304,60.617713928222656,953600
2023-01-24,60.6749882210132,61.41946544255542,59.85415249419797,60.10231399536133,1053300
2023-01-25,58.44155024276966,63.0515873790711,56.99077147769466,62.784339904785156,1508500
2023-01-26,64.00605417056121,64.68371956746343,63.00387602666993,63.280670166015625,932500
2023-01-27,63.22339637625103,64.55009452251647,63.099319260524496,63.34748077392578,805600
2023-01-30,62.898883066183835,64.28284644072174,62.8893364321534,63.19476318359375,646100
2023-01-31,63.19475514513694,64.35919676249354,62.765251333727086,64.3401107788086,666200
2023-02-01,63.748347145658364,65.17048967843063,63.16612630219803,64.5405502319336,602600
2023-02-02,64.94141646358516,65.63816772638435,63.901051962792344,64.15876007080078,722900
2023-02-03,63.52881546305792,64.97959783190076,63.46200359619985,64.39737701416016,542500
2023-02-06,63.70061910997758,64.29238656684473,63.4142856555818,64.17784881591797,620100
2023-02-07,63.70062131756434,65.06549861513247,63.58609084461587,64.94142150878906,354800
2023-02-08,64.3401146225051,65.09413117523472,64.06332050988071,64.5405502319336,428200
2023-02-09,64.97003943898258,65.51408090833715,63.32836839968218,63.42381286621094,605800
2023-02-10,63.21385822705063,63.59563621561239,62.71753519080296,63.35702133178711,465300
2023-02-13,63.2615724380191,64.3973815363131,63.042050838047494,64.37828826904297,333700
2023-02-14,64.30193119072928,64.90323797992465,63.81515486693463,64.06331634521484,588400
2023-02-15,63.49063180831586,64.24465555737159,63.42381994609304,64.04421997070312,341800
2023-02-16,63.38564444477864,64.52144603920533,63.137482992389046,63.92013931274414,537400
2023-02-17,63.586094262570036,64.59781899838588,63.538368374977644,64.46419525146484,1023500
2023-02-21,63.81515881436326,64.34965377115485,63.337929093814296,63.614723205566406,697600
2023-02-22,63.45246752612635,63.88197136642986,63.042049670791734,63.39519500732422,722500
2023-02-23,63.82470556778661,64.07285977993659,62.421649021621604,62.96569061279297,487200
2023-02-24,62.38346841674546,63.77697829930584,61.92532469003845,63.68153381347656,594600
2023-02-27,64.33056240349802,64.49281874724035,63.56699200173275,63.805606842041016,457800
2023-02-28,63.93037610955949,65.25465920478491,63.853604165129596,64.13189697265625,674100
2023-03-01,64.13187418710022,64.7364365615942,63.83438483847395,64.3621826171875,924000
2023-03-02,63.56570132317248,63.91116768808436,62.82679162795077,63.90156936645508,397600
2023-03-03,64.35260364056643,64.71726669597061,63.74804108435059,64.65009307861328,405200
2023-03-06,64.60210833795308,64.77484154158564,63.40257423533113,63.728851318359375,1040400
2023-03-07,63.62329447215103,63.949564247858,62.93236162785928,63.16267013549805,564700
2023-03-08,63.22023262174265,63.9207636473052,62.903561233422295,63.82480239868164,553900
2023-03-09,63.33539583933963,63.67126389845515,60.111047829081464,60.31256866455078,1075000
2023-03-10,59.37213309529618,59.37213309529618,55.30331586824815,56.032630920410156,1443100
2023-03-13,54.007821503788186,55.4184747600084,51.32086588392528,52.88505935668945,1807100
2023-03-14,55.149779821337944,56.72356794253356,54.59319425322914,56.60841369628906,1532400
2023-03-15,54.42045936230455,54.86188700976321,52.91384490329629,53.67195129394531,1531800
2023-03-16,52.79868686808149,55.063407555063066,51.867847349952505,54.660362243652344,1457800
2023-03-17,54.103783585712215,54.142165892316854,52.405242970259565,52.63555145263672,1557200
2023-03-20,53.59517720305463,54.8235024979474,53.52800359247697,54.40126419067383,1137100
2023-03-21,56.34931670954606,57.9710855425744,56.01344495525975,57.433692932128906,1236300
2023-03-22,57.33772601514704,58.115025376045,56.4356777521704,56.47406005859375,1388700
2023-03-23,56.56042753493133,57.85592648993301,55.418472450763055,55.82151412963867,1014600
2023-03-24,54.727537673961635,54.727537673961635,52.36685565651327,54.45884323120117,1664600
2023-03-27,56.11899826709132,56.61800485082171,55.55281807215562,56.25334548950195,979300
2023-03-28,56.19577038099117,56.69477696632615,55.62959018423488,56.36850357055664,872800
2023-03-29,56.73316106995016,56.79074002185879,55.274527234451284,56.33971405029297,843700
2023-03-30,56.9922664950353,57.05944011522376,55.91748491133222,55.9654655456543,607800
2023-03-31,56.416488768337636,57.01145665798466,55.89828915766721,56.704376220703125,846800
2023-04-03,56.44527276782455,56.809932136289596,55.73515067525755,55.946266174316406,937700
2023-04-04,55.91748187683209,55.946269523725555,53.38406645095585,53.92145538330078,877600
2023-04-05,53.26890902943264,53.84468759738331,52.88506031148644,53.5663948059082,890600
2023-04-06,53.623975215731754,54.2477307720747,53.518415625709245,54.0078239440918,596600
2023-04-10,53.748721920770414,55.76394138938599,53.748721920770414,55.725555419921875,680400
2023-04-11,55.975052047305034,57.01144744039429,55.81191353223864,56.262939453125,626200
2023-04-12,56.55083118461004,56.848316934435125,55.78313015680512,56.02303695678711,552100
2023-04-13,56.34930901580983,57.11701002542158,55.735148208120435,56.915489196777344,653500
2023-04-14,57.692785294255145,58.24937081827063,57.12660510909918,57.663997650146484,610100
2023-04-17,57.222572712537875,58.14381397417152,56.85791334038346,57.9710807800293,552400
2023-04-18,57.7311768805815,58.98828993222858,57.52005770806537,58.73878479003906,667000
2023-04-19,58.60442862722468,59.83275018411173,58.1821940072165,59.516075134277344,535300
2023-04-20,59.02667185645283,59.77518361745472,59.02667185645283,59.266578674316406,524200
2023-04-21,59.1898077790402,59.621640764238364,58.15340861456461,59.01707458496094,774500
2023-04-24,59.055464062042574,59.132232341368976,57.57763716296154,58.498878479003906,894700
2023-04-25,57.73117565578158,57.74077031765259,56.435680322633324,56.493255615234375,772300
2023-04-26,55.45685825763609,56.905893757893985,54.89067804798569,55.41847229003906,977100
2023-04-27,55.72555027029789,57.74076589199892,55.43766284729591,57.54884338378906,936000
2023-04-28,57.07862445302565,57.99027100977124,57.07862445302565,57.54884338378906,696700
2023-05-01,57.7503703133517,58.28776291088481,57.00186220235253,57.049842834472656,600900
2023-05-02,56.886707413159066,56.886707413159066,54.86189314469831,55.4952507019043,907800
2023-05-03,55.735150518229915,56.36850433499674,54.420458595298356,54.497230529785156,803300
2023-05-04,53.7775070208015,53.969433185280955,52.62595369461191,53.556793212890625,744500
2023-05-05,55.025026702563366,55.696766510203034,54.81390753598555,55.62959289550781,464400
2023-05-08,56.20536833156225,56.378101531236354,55.18816211800223,55.6199951171875,701700
2023-05-09,55.18816498671174,55.4856507706556,54.813910921526414,55.05381774902344,419100
2023-05-10,55.92707308481106,55.92707308481106,54.20934314698399,54.7275390625,515400
2023-05-11,54.151763709960704,55.07300495226092,54.13257072649354,54.967445373535156,506400
2023-05-12,55.48564743200061,55.48564743200061,54.47803954927995,54.813907623291016,390200
2023-05-15,55.14977590885412,55.85989798111917,55.053810993218825,55.44725799560547,604500
2023-05-16,55.14977842186762,55.629592039846116,55.00583287219912,55.23614501953125,410000
2023-05-17,55.87909738320807,56.80033871500867,55.64878888060174,56.570030212402344,384100
2023-05-18,56.60840785073452,56.781137371920956,56.0998029660237,56.57961654663086,709500
2023-05-19,56.96347257672118,56.96347257672118,55.95586472411199,56.29173278808594,640600
2023-05-22,56.5028505942402,57.24176397795747,55.79272485511995,57.18418502807617,536400
2023-05-23,57.04983782334679,57.52965142377748,56.214963183589816,56.25334548950195,752200
2023-05-24,55.83111441071954,55.91748101074979,54.353287548285316,54.51642608642578,833000
2023-05-25,54.29571319349908,55.11139491623208,54.16136229948492,55.08260726928711,1016800
2023-05-26,55.3321043364015,56.080612382751376,55.168969469145665,55.264930725097656,495100
2023-05-30,55.61999179213962,55.84070560948693,54.94825201808545,55.38008499145508,472900
2023-05-31,54.91657770338989,55.05176826967184,53.44878757123346,53.661231994628906,817000
2023-06-01,53.83504176998139,54.28889890627726,53.622597377048656,54.095767974853516,492200
2023-06-02,55.05176558230364,56.83822226234682,54.906920132786496,56.60646438598633,538500
2023-06-05,56.28780542225576,56.32643235165276,55.09039639661587,55.5056266784668,473400
2023-06-06,55.16764704195626,57.08929062168928,55.16764704195626,56.64509201049805,386200
2023-06-07,56.94444301725094,58.11287989176958,56.66440333152342,57.842498779296875,487600
2023-06-08,57.50451582835683,57.70730165256693,56.123634615307886,56.577491760253906,548000
2023-06-09,56.68371732633818,57.21482466667956,56.326427469550914,56.770626068115234,525200
2023-06-12,56.41333494262666,57.243795469898906,56.06570364430331,56.249176025390625,449500
2023-06-13,56.53887379777204,57.63971551358324,56.53887379777204,57.32105255126953,573400
2023-06-14,57.330702929553965,58.35429438871483,57.2148258327118,57.726619720458984,726200
2023-06-15,57.35967475364237,58.383262525338026,57.21482562037736,58.37360763549805,525100
2023-06-16,58.52811611163776,59.204072645526296,57.35002054353679,57.52383804321289,876000
2023-06-20,57.06997439041929,57.49486320109789,56.422989968582456,57.1472282409668,458500
2023-06-21,56.93478637631038,57.60108797418376,56.73200053507348,57.29207992553711,438100
2023-06-22,56.97341575293999,57.08929285524812,56.056046457472874,56.32643127441406,476200
2023-06-23,55.44768479346102,55.67944267994465,55.013144742262504,55.196617126464844,847400
2023-06-26,55.16764841708231,56.027077307360166,55.16764841708231,55.3994026184082,381500
2023-06-27,55.457340834775714,56.529214103937576,55.13867421587182,56.152610778808594,516000
2023-06-28,56.01741364683625,56.355393711607256,55.89188166737809,56.21054458618164,792700
2023-06-29,56.53886855365865,57.81352765201943,56.53886855365865,57.45623779296875,713200
2023-06-30,58.016316122238955,58.22875684567301,57.60108588126978,57.62039566040039,819400
2023-07-03,57.610741262354864,58.70192797586263,57.45623724232719,58.08391189575195,258100
2023-07-05,57.610742271875196,57.93906378064551,57.147230203670006,57.26310729980469,473300
2023-07-06,56.587153466657135,56.876851746048416,56.08501813202329,56.75131607055664,419600
2023-07-07,56.79959523503799,58.3060122195459,56.79959523503799,57.707305908203125,762100
2023-07-10,57.60108842943383,58.36394998349712,57.52383457482834,57.7652473449707,490200
2023-07-11,58.1708257937789,59.165445280645564,58.11288539975752,59.04956817626953,555400
2023-07-12,59.8607065303249,60.46906400218578,59.38753592410024,59.65791702270508,711000
2023-07-13,60.063495995079215,60.913269949775014,59.822083232786824,60.527008056640625,481200
2023-07-14,60.99052103941906,60.99052103941906,59.957274695894526,60.36284637451172,657100
2023-07-17,60.02486907390391,61.31884162724277,59.889678516395826,60.749107360839844,526100
2023-07-18,61.12571026453695,62.82525447883014,61.12571026453695,62.27483367919922,693300
2023-07-19,62.15896934953744,62.883207737341905,62.1396522001557,62.5838508605957,646500
2023-07-20,62.85422308488844,62.931476936773876,62.1396433732802,62.72869110107422,434900
2023-07-21,63.00873745994746,63.00873745994746,61.994800806761994,62.004459381103516,511600
2023-07-24,62.081706430315236,63.19220660308449,61.74372635511023,62.719032287597656,660300
2023-07-25,62.535564880536135,63.20185910398323,62.32312046797827,62.56453323364258,841300
2023-07-26,60.91326811453905,61.386435051523044,59.63860537906604,61.08708190917969,1306200
2023-07-27,61.154682352799036,62.226555600466874,59.99590036386984,60.28559494018555,992800
2023-07-28,60.98086371953746,61.30918521547737,60.401470894173094,60.66219711303711,651000
2023-07-31,60.90361048611889,61.38643600364555,60.63322937507721,61.35746765136719,1172400
2023-08-01,60.826364445689,61.521630733205775,60.826364445689,61.37678527832031,310700
2023-08-02,60.778077917669926,61.21262164232356,60.382161120466954,60.65254592895508,471400
2023-08-03,60.353189883643545,60.92292414349179,59.880019254142574,60.710479736328125,841200
2023-08-04,60.604257415825614,61.41540443364354,60.401471582287726,60.47872543334961,447800
2023-08-07,60.96155627345902,61.58922729163412,60.96155627345902,61.231937408447266,387000
2023-08-08,60.12143236573466,61.135368908650356,59.54204321292546,60.9518928527832,416200
2023-08-09,60.89395775811291,60.98086650169933,60.14074741914176,60.16006088256836,430200
2023-08-10,60.536662137979654,61.10639639672875,60.324221414892214,60.47872543334961,328200
2023-08-11,60.198689885004335,60.922928211973264,60.198689885004335,60.72014236450195,282900
2023-08-14,60.546324295457644,60.565637759366446,59.97659000298104,60.246971130371094,293000
2023-08-15,59.513071992598576,59.551695232902674,58.74055193152333,59.02058792114258,342000
2023-08-16,58.74055870653214,59.79311487862619,58.74055870653214,59.41651153564453,505800
2023-08-17,59.56135293754027,59.95726969329945,59.28131326833676,59.62894821166992,742000
2023-08-18,59.088188735874354,60.555978831358225,59.088188735874354,60.44975662231445,634300
2023-08-21,60.691164668588456,61.12570836099275,60.092462072201585,60.83601379394531,710800
2023-08-22,60.68151241980478,60.76842116206744,59.889678849707906,60.10212326049805,790500
2023-08-23,59.957273112701344,60.942237613763076,59.78345563112184,60.932579040527344,418400
2023-08-24,60.83601576508738,62.05273814324231,60.83601576508738,61.17399215698242,780800
2023-08-25,61.49266156783863,61.91755040403134,60.81670506962288,61.550601959228516,771600
2023-08-28,61.869260858470405,62.4679671460303,61.7920106920001,62.207237243652344,425400
2023-08-29,62.18793174809074,63.17289261950944,62.09136811243528,62.67075729370117,436800
2023-08-30,62.67075602934673,63.2501451989237,62.60316074901829,62.81560516357422,472000
2023-08-31,63.05835574729527,63.48560164103902,62.94183009900246,63.13603210449219,670900
2023-09-01,63.83518009370308,64.60229071669674,63.63126573695783,64.40808868408203,512600
2023-09-05,64.09734819901367,64.3595216315713,63.45646828424648,63.81575012207031,698300
2023-09-06,63.446764128049004,63.91285934499007,62.44660965506305,63.10690689086914,507500
2023-09-07,62.71849842913538,63.06806800639168,61.76689811975184,62.04849624633789,911500
2023-09-08,62.12617650199803,62.592268038340826,61.67950590935697,62.262123107910156,708600
2023-09-11,62.475743201507825,62.87386699640363,62.20385739442416,62.43690872192383,514000
2023-09-12,62.3689397356388,63.93228318816986,62.3689397356388,63.398223876953125,618900
2023-09-13,63.7186551929299,63.7186551929299,62.72820566821331,63.009803771972656,595100
2023-09-14,63.58271078589945,64.0487985677864,63.19429936210584,64.00025177001953,627100
2023-09-15,63.553582489449006,64.67997503131927,63.47590612075633,64.37895965576172,1749200
2023-09-18,64.0585212022818,64.19446411124277,63.388511573593526,63.835182189941406,579900
2023-09-19,63.96142190409301,64.3595383172404,63.61185229783362,63.73808288574219,430900
2023-09-20,64.08764829051238,64.26243308218345,63.291408108084774,63.31082534790039,337000
2023-09-21,62.922421163502236,62.922421163502236,61.747478131943794,61.990234375,390500
2023-09-22,61.873708791546036,62.524293706831976,61.08717727661133,61.08717727661133,478100
2023-09-25,60.591958239000704,61.24254317618384,60.543404028266025,60.74732208251953,620400
2023-09-26,60.261804204351826,60.48513947787152,58.523668814243,58.601348876953125,823400
2023-09-27,58.80526999617938,59.26164918592405,58.2226528265594,58.649906158447266,973500
2023-09-28,58.63049055337243,59.61122417381029,58.63049055337243,58.99947738647461,611200
2023-09-29,59.387888965088194,60.34920534675468,59.25194605749557,59.65977478027344,709100
2023-10-02,59.52382871187028,59.67919255574984,58.53338281807576,58.737300872802734,502200
2023-10-03,58.08671625625441,58.08671625625441,56.00872331126579,56.280609130859375,592600
2023-10-04,56.5233605188424,57.173949150785376,56.09611088138447,57.008872985839844,475700
2023-10-05,56.688434765522715,57.74685205592828,56.377707093492276,57.348731994628906,445600
2023-10-06,57.11568601980758,58.31975856143964,56.90205935012299,57.92163848876953,314100
2023-10-09,57.183660492978746,58.203235981385205,57.183660492978746,57.960479736328125,255500
2023-10-10,57.90221874117324,58.90237325322605,57.90221874117324,58.51396179199219,314700
2023-10-11,58.416861126972066,58.92179454791936,57.68859241094225,58.27120590209961,456000
2023-10-12,58.71787467920376,58.71787467920376,56.707853508159616,57.251625061035156,452700
2023-10-13,57.562355310292524,57.76627335595943,56.4262579469312,56.88264083862305,358900
2023-10-16,57.62062304464323,58.55280614587952,57.46525919443718,57.70801544189453,454600
2023-10-17,57.533229526889464,59.36846612925781,57.533229526889464,58.88295364379883,495000
2023-10-18,58.02845198229801,58.16439859288911,56.99916785984436,57.028297424316406,302800
2023-10-19,56.87293414854898,57.95077249490895,56.523364554684505,56.77583312988281,611700
2023-10-20,56.77583455221876,56.94090702891989,55.76596763445942,56.02814483642578,899600
2023-10-23,55.620307472332286,56.23205422273781,55.36784261733662,55.87277603149414,671400
2023-10-24,56.222345500285016,57.11568666696796,56.154374050827236,56.766117095947266,862200
2023-10-25,55.34842223663055,55.66886224863188,53.221878926301954,53.833621978759766,1361000
2023-10-26,53.54230870099214,55.29015265962553,53.41607443553091,54.22202682495117,831400
2023-10-27,54.328848435624664,54.60073424501068,53.84333594505459,54.18319320678711,744400
2023-10-30,54.84348401848924,55.60088222906854,54.11521536857349,55.231895446777344,903600
2023-10-31,55.19305535393007,55.600884033115825,54.91145724449266,55.348419189453125,426500
2023-11-01,55.319294261490946,55.62030963443707,54.64928465504164,55.52320861816406,758800
2023-11-02,56.144657831574115,57.416701748047885,56.028135884040665,57.222496032714844,428300
2023-11-03,58.261499873927384,59.44615155669715,58.222657985011494,59.23252487182617,531400
2023-11-06,59.23252466559276,59.290787498763734,58.154686329011255,58.581939697265625,461100
2023-11-07,58.46541163387414,58.69845925283683,58.18381350800938,58.27120590209961,266400
2023-11-08,58.32946700955291,58.35859657200028,57.4458344750434,57.484676361083984,538900
2023-11-09,57.89250554131494,58.39743895161176,57.64974930775874,57.902217864990234,576600
2023-11-10,57.79540070299025,58.601349418869454,57.68858737463093,58.34888458251953,446000
2023-11-13,57.98960959616088,58.24207444634814,57.53322669694479,58.16439437866211,562700
2023-11-14,59.34904352142656,60.485144631715265,59.34904352142656,59.426727294921875,377000
2023-11-15,59.504404307538216,60.84441969816688,59.47527474605695,60.71818542480469,661400
2023-11-16,60.6405103279374,60.718190399640704,59.106289092009234,59.319915771484375,338100
2023-11-17,59.98991991465114,59.98991991465114,59.329622655741126,59.640350341796875,326600
2023-11-20,59.31991244919487,60.06760208131621,58.90237143769638,59.73745346069336,444700
2023-11-21,59.65976937059264,60.15499415096548,59.368462637284786,59.756874084472656,500400
2023-11-22,60.13557669220442,60.20354814377538,59.53354224793323,59.9996337890625,437200
2023-11-24,59.89281840120346,60.659928990314356,59.66948311022804,60.3394889831543,187500
2023-11-27,59.96079236031376,59.96079236031376,59.35875791143346,59.74716567993164,426500
2023-11-28,59.78600861613466,59.78600861613466,58.42657214214302,58.581939697265625,632800
2023-11-29,58.77613720220946,59.824845893451325,58.68874481127264,59.2907829284668,638700
2023-11-30,59.47637626102172,60.130823468678145,59.04659264895413,59.60335922241211,532600
2023-12-01,59.47636837987675,61.56668523498055,59.075887148068404,61.48854446411133,770500
2023-12-04,61.410403165822856,62.641149248663524,61.37133464142062,62.611846923828125,606700
2023-12-05,62.12345666080781,62.20160116400828,61.332264059645496,61.46901321411133,490500
2023-12-06,62.016008765225564,63.04163107058947,61.47877466257974,61.62529373168945,584300
2023-12-07,61.83042583785422,62.162532543586,61.61553589377028,61.82065963745117,411200
2023-12-08,61.72297721803306,63.54956218367481,61.420176574536285,63.520259857177734,455300
2023-12-11,63.36397056234847,64.01841394844983,63.344430712222554,63.38350296020508,493200
2023-12-12,63.344432406242,63.725377518922606,62.973257218885635,63.422576904296875,619700
2023-12-13,63.31513326532649,64.37006168528889,63.080707211647024,63.85236740112305,688000
2023-12-14,64.55564577059891,65.89384242536846,64.10632606115007,65.86454010009766,809100
2023-12-15,65.64964557109161,65.93291379872146,64.41889576021326,65.04403686523438,1384400
2023-12-18,65.25893869901586,65.61058154621006,64.84869119471288,65.52267456054688,495900
2023-12-19,65.58126938748332,66.77294691854277,65.43475031440279,66.60689544677734,420800
2023-12-20,66.39199916669818,66.7241020970574,65.13194711181248,65.1905517578125,466100
2023-12-21,65.65941364925048,66.39200155973346,65.09287720993228,66.3333969116211,471600
2023-12-22,66.64596685175427,67.18319350988126,66.51898017896806,66.96829986572266,369100
2023-12-26,67.09529158339873,68.03300327655863,67.09529158339873,67.64228820800781,321200
2023-12-27,67.93532253201273,68.26742547753115,67.65205430963368,68.19905090332031,452300
2023-12-28,68.14045512909946,68.44325578971637,68.02323836421357,68.31627655029297,320100
2023-12-29,68.15998025215535,68.32603172880933,67.31994549085071,67.54460906982422,514600
2024-01-02,67.27110660771643,68.04276674550076,66.99760086909704,67.69112396240234,408900
2024-01-03,67.06598372316084,67.16366061917078,66.04035768438274,66.42130279541016,505800
2024-01-04,67.15389142918826,67.94508398348226,66.71434166619595,67.2417984008789,570900
2024-01-05,67.17342299248561,68.79488778246814,67.17342299248561,68.5116195678711,888000
2024-01-08,68.60930345687923,69.00978845869618,68.07207674872922,68.94141387939453,321500
2024-01-09,67.7985796655386,68.46278561811809,67.72043515855147,68.01346588134766,382800
2024-01-10,67.993927973858,68.2381239492124,67.56414067250796,67.9743881225586,392700
2024-01-11,68.04277571388296,68.17952487508221,67.2027408937903,68.08184051513672,392600
2024-01-12,68.65813788978828,68.77535463491087,67.41761822378295,67.69112396240234,281800
2024-01-16,66.88039241456477,67.54460574071304,66.5971241995032,67.53483581542969,498800
2024-01-17,66.50920846077908,67.77903044079429,66.50920846077908,67.3492431640625,566700
2024-01-18,67.39809412346249,67.8474138566798,66.81202523023427,67.32971954345703,400000
2024-01-19,67.58367793931346,68.57999420166016,67.22226522679277,68.57999420166016,537700
2024-01-22,68.37486976415099,69.26374664817425,68.10137147745748,68.87303161621094,897000
2024-01-23,69.08792756341099,69.18560446159613,68.36510212184774,69.0390853881836,848500
2024-01-24,72.28201561998503,73.0927481242676,70.38705228522103,71.67640686035156,1312400
2024-01-25,72.70203039480087,73.37601371150006,71.54942502464077,72.35038757324219,841500
2024-01-26,72.89737529865873,73.0829666129907,71.94013130869965,72.3015365600586,476900
2024-01-29,72.076882024533,72.85830464226483,71.7057068400306,72.76062774658203,589100
2024-01-30,72.59458726187287,73.02437461062507,72.27224675030872,72.83878326416016,550700
2024-01-31,72.64342466877747,72.85831087675969,71.18801122516693,71.25638580322266,754400
2024-02-01,71.34429368207569,71.58848964588935,69.703296507157,71.16847229003906,432700
2024-02-02,70.9731181793336,73.24901888807281,70.70938236633516,72.98529052734375,925100
2024-02-05,72.38946433202766,72.79971183196004,71.54942947848765,72.61412048339844,715300
2024-02-06,72.42853229684155,72.82900984621423,71.78385130461744,72.62388610839844,563600
2024-02-07,72.6238745065067,73.13180625904324,72.18432477458805,72.97551727294922,495600
2024-02-08,73.10251060422283,74.27465586951317,72.78017754961817,74.04022979736328,630200
2024-02-09,74.16719638262789,74.80210736149144,73.84485593073683,74.54814147949219,611100
2024-02-12,74.5579184072958,75.74959598214132,74.5579184072958,74.97793579101562,670700
2024-02-13,73.69834150702088,73.76671608121843,71.80338582828749,72.7215576171875,550300
2024-02-14,73.32717154453204,73.8839381033787,72.6141159750694,73.60066986083984,496700
2024-02-15,73.85463154512337,75.0756114245861,73.85463154512337,74.8607177734375,383700
2024-02-16,74.6165176359251,75.52492691367107,74.40162399676187,75.00723266601562,450600
2024-02-20,74.24534127458226,74.84118000922778,73.78625168045184,73.9132308959961,548500
2024-02-21,73.58113855714664,74.05976061781767,73.24902813077367,73.51276397705078,595000
2024-02-22,74.11836412445241,75.2025949150999,74.06952939786562,74.78257751464844,340500
2024-02-23,74.89002119033351,75.81797038361972,74.74350211220728,74.77281188964844,302400
2024-02-26,74.48954222093369,75.26120239538041,74.16720174573385,74.45046997070312,359300
2024-02-27,74.77280503900484,74.79233743657284,74.16719638262789,74.54814147949219,387400
2024-02-28,74.16719830540164,74.74349720196324,74.16719830540164,74.30394744873047,433200
2024-02-29,74.71648595879554,75.35492200554673,74.02894405838332,74.51022338867188,793200
2024-03-01,74.48074153933982,74.64771489259896,73.44942142823487,74.10749816894531,378300
2024-03-04,74.35304980256375,75.64956244464138,74.13697060691997,74.4119873046875,379200
2024-03-05,73.97983141696909,74.98167926622118,73.91107722627184,74.14680480957031,419800
2024-03-06,74.36288127773497,74.36288127773497,73.08601684207517,73.5869369506836,379200
2024-03-07,73.96999536612887,74.21554707826569,73.58693529468691,74.06822204589844,358200
2024-03-08,74.1664479668455,74.80488397510429,73.79320453457261,73.88160705566406,516900
2024-03-11,73.28246111922527,73.49854784715009,72.3198950112814,72.93869018554688,423700
2024-03-12,73.19405580780331,73.54765089572481,72.31007558164357,72.95832824707031,402800
2024-03-13,73.0565414359486,73.90123991060743,73.0565414359486,73.63604736328125,452100
2024-03-14,73.50836577070613,73.50836577070613,71.48502181782563,72.24132537841797,475200
2024-03-15,71.74039316097476,73.0270818071335,71.57341978578427,72.74224090576172,1625000
2024-03-18,72.52615956760023,72.94850886735627,72.31008032737269,72.42794036865234,443100
2024-03-19,72.31988815987259,73.32174335012988,72.28059898636802,72.85028076171875,557300
2024-03-20,72.42793912072473,74.58879892856962,72.42793912072473,74.25484466552734,587500
2024-03-21,74.77541260798836,76.59250146531741,74.63790423410806,75.71833038330078,483300
2024-03-22,76.29782916582442,76.29782916582442,74.500388813991,74.52985382080078,473700
2024-03-25,74.41200421208588,75.06025693359484,74.37271503295734,74.78524017333984,477400
2024-03-26,75.09954637976625,75.48260651057564,74.42182115126748,74.48075866699219,408500
2024-03-27,75.06024966605678,75.3647389014102,74.54950537412695,75.30580139160156,376000
2024-03-28,75.56117927693253,76.93627047497323,75.56117927693253,76.77911376953125,661200
2024-04-01,76.77911140608335,76.77911140608335,75.57100111817438,75.9147720336914,578600
2024-04-02,75.52189133803408,75.59064552438048,74.74594695289944,75.22722625732422,393000
2024-04-03,75.14864875685024,76.32729398825641,75.14864875685024,75.68885803222656,425900
2024-04-04,76.41569536677831,76.79875543597623,74.59860671269584,74.67718505859375,885800
2024-04-05,74.90310763124035,75.87549045929428,74.75577508307589,75.63976287841797,338300
2024-04-08,76.10139733699155,76.68089583714445,75.8460214332685,76.35676574707031,294900
2024-04-09,76.27819455905541,76.65143049855182,75.24687427457464,76.11121368408203,567600
2024-04-10,74.97185834637703,75.5611810180758,74.3334223296849,74.6182632446289,472900
2024-04-11,74.5887975401556,74.71648174484666,73.59676643095796,73.85214233398438,341500
2024-04-12,73.10565862735004,73.64587541064907,72.20203009314424,73.19405364990234,434200
2024-04-15,74.34324525181934,74.76559453329529,72.80118066478285,73.05654907226562,880500
2024-04-16,73.06636589384888,73.55746931160222,72.2707807550544,73.0270767211914,577800
2024-04-17,73.69498492538312,73.98965000250641,72.91904054969308,73.08602142333984,456700
2024-04-18,73.46908233796745,74.29413257318434,73.12530391298279,73.54765319824219,412400
2024-04-19,73.54765194265397,74.41199883371874,73.36103772233749,73.97000122070312,702700
2024-04-22,74.39234618102292,76.19961071719226,74.16644279752906,75.87548065185547,541400
2024-04-23,75.944244435722,77.09342481961274,75.48260594980572,76.49427795410156,906300
2024-04-24,75.92459507629799,77.82025466080651,74.39234724267722,76.88715362548828,792800
2024-04-25,76.17014988006147,77.28004100539721,75.56117889005799,77.11306762695312,687300
2024-04-26,77.20145792090455,77.98722640863818,77.00501954579298,77.6434555053711,425400
2024-04-29,77.86935882618202,79.4212474667322,77.86935882618202,79.35249328613281,1018300
2024-04-30,79.0578281924242,79.35249324836337,78.47832974102577,78.49797058105469,799000
2024-05-01,78.50780046005382,79.68644578228049,77.6827427395798,78.4292221069336,947000
2024-05-02,79.0578304288809,79.40160134143908,78.06580686601934,79.39178466796875,562500
2024-05-03,80.07933589365665,80.6784827660111,79.53912653726222,80.3150634765625,509500
2024-05-06,80.98295693721569,81.75890129731886,80.76687771112923,81.71961212158203,428200
2024-05-07,81.76872406280044,82.28929251851153,81.29726145568549,81.31690979003906,802900
2024-05-08,81.03206327864285,81.81783173819615,80.83562491057623,81.66067504882812,508200
2024-05-09,81.52316826245412,82.23035839094271,81.23832737772157,81.48387908935547,669900
2024-05-10,81.94551763930853,82.73128611527069,81.65085258741183,82.0339126586914,598400
2024-05-13,82.50537373531942,82.65270625857546,81.27761519759146,81.35619354248047,443000
2024-05-14,81.7687263714292,82.21071648949278,81.40530711206651,81.90623474121094,575000
2024-05-15,82.25000957677695,82.73129638754308,82.1321495362991,82.59378051757812,709500
2024-05-16,82.42679841903583,82.72146347637478,81.53299406742342,81.58209991455078,307100
2024-05-17,81.59192272717995,81.79818526643622,81.38566018792369,81.45441436767578,446700
2024-05-20,81.23833006835261,81.50353012214109,80.09897398533025,80.33470153808594,608200
2024-05-21,80.26595939473125,80.9731496527078,80.0891618302371,80.68830871582031,1165000
2024-05-22,80.31506378742705,80.82581562828548,80.04004702403162,80.56061553955078,656400
2024-05-23,80.5016829059791,80.5016829059791,79.3819675521038,79.45072174072266,334400
2024-05-24,79.99092930776379,80.50167357923807,79.49000170949449,79.62751007080078,680600
2024-05-28,79.78465994692404,80.30522834075602,78.73369899325105,78.95960235595703,858900
2024-05-29,78.0461577219639,78.0461577219639,77.2309242137537,77.49612426757812,753400
2024-05-30,77.60417117880354,78.2426071782586,77.38808445649775,77.66310119628906,1296900
2024-05-31,77.76131651571104,79.539116055606,77.32915058627523,79.5096435546875,1259800
2024-06-03,79.6577518830852,80.0033157341702,77.69296810172155,78.12738800048828,480300
2024-06-04,77.45600084154395,77.8509341714399,75.99475731347374,76.57727813720703,563700
2024-06-05,76.74513146184135,77.5942279693603,76.13298441130483,77.37702178955078,397800
2024-06-06,77.51524348250119,77.72258177980189,76.79448961145222,77.2387924194336,653900
2024-06-07,77.08082200422744,77.57448680700404,76.92285318435702,77.21904754638672,403200
2024-06-10,76.72537711626818,78.11751537370225,76.63652107399446,77.56460571289062,442800
2024-06-11,77.13018911070641,77.8311922050285,76.65626760030706,77.6041030883789,757500
2024-06-12,78.71978686898419,79.79597244272105,78.16687720903333,79.40103912353516,614700
2024-06-13,78.95674855072227,79.5688880758343,77.80157473779121,78.0780258178711,548500
2024-06-14,77.2486591985143,78.11751399326744,77.00182681959151,77.59422302246094,433800
2024-06-17,77.74233024546007,79.05548041541323,77.3572723058087,78.95674896240234,448200
2024-06-18,79.2825696529243,80.26989924993343,79.26281884265697,80.06255340576172,607000
2024-06-20,80.17115605879415,80.51672742580256,79.5293978805823,80.37850189208984,381800
2024-06-21,80.58584131254348,80.6450786756074,79.0554774830943,79.24307250976562,640600
2024-06-24,79.57876001848774,80.53647088475728,79.12458933058473,80.15141296386719,398400
2024-06-25,80.12179595391125,80.24027068113226,79.05547821256137,79.11471557617188,333100
2024-06-26,78.83827106445817,79.5491496178614,78.57169537329567,79.47016143798828,286400
2024-06-27,79.60838487034535,79.86509268174576,79.03573941330518,79.62813568115234,413500
2024-06-28,79.9934395914828,83.1825174626094,79.67749442587159,83.08378601074219,1718100
2024-07-01,83.51821047558657,84.16985165247615,82.74809456306421,82.81720733642578,702000
2024-07-02,82.4815148077001,82.78758456996113,82.10633227548571,82.35316467285156,484600
2024-07-03,82.69872714447598,83.15289784413334,82.11619877938216,82.38278198242188,239500
2024-07-05,81.94835795365964,82.00759532002093,80.94128506188208,81.36583709716797,613400
2024-07-08,80.53647418859612,81.69164799865496,80.18103493431232,80.19091033935547,585900
2024-07-09,80.49698502903824,81.58304613573576,80.24027721128985,80.80305480957031,364500
2024-07-10,80.86229726912676,82.50126051896923,80.55621996510914,82.24456024169922,309100
2024-07-11,82.83695469444297,83.65644006780347,82.75796651882887,83.28125,532700
2024-07-12,83.69592093228542,84.6338885052934,83.42934527362144,83.6268081665039,456100
2024-07-15,84.32782492925134,85.04857132044164,83.42935137565073,84.4364242553711,627600
2024-07-16,84.16984176813848,84.37718006387476,81.36582954077959,82.97517395019531,1546000
2024-07-17,82.70859870602858,85.55211282408314,82.61974265620297,83.3010025024414,1134300
2024-07-18,83.26150345958708,84.39693395818144,81.88911597616338,81.90885925292969,683200
2024-07-19,81.71139480643399,82.33340970460021,81.12886646105234,82.16556549072266,835700
2024-07-22,81.24735256821155,81.93848026559591,80.10204663228669,80.97090148925781,963700
2024-07-23,81.03013319178827,82.60985891308452,80.64507528262,81.31645965576172,975400
2024-07-24,83.92301555014537,86.08526977302763,82.69872896187151,83.50833892822266,1767100
2024-07-25,81.92861703986384,86.17412998250138,81.92861703986384,85.58173370361328,1209900
2024-07-26,86.48019615819388,87.47740116462475,85.71008027445151,87.10221862792969,611200
2024-07-29,86.95412303278705,87.52677604461323,85.34477839547645,85.87793731689453,497300
2024-07-30,86.56905748206621,87.74398208739626,86.19387495515392,86.70728302001953,789700
2024-07-31,87.01335751473042,88.85966663322479,86.51969270010139,87.54651641845703,551400
2024-08-01,87.6255050748957,88.31663280605747,84.05136908569277,84.93009185791016,654000
2024-08-02,83.21214156214575,83.35036711030394,80.41799684931144,80.80305480957031,796600
2024-08-05,77.90030373342735,78.63092549812815,75.66893682029993,77.9101791381836,1101500
2024-08-06,77.87069046884692,78.92713286945312,77.49550038927734,78.06815338134766,773300
2024-08-07,79.26280973882747,79.86508132644656,78.17674881340372,78.20636749267578,467400
2024-08-08,78.91725583691674,80.45748761430278,78.65068015726419,80.21065521240234,365900
2024-08-09,80.05268727071412,81.04001688915098,79.61825982812921,80.63520812988281,481300
2024-08-12,80.77342545209117,80.77342545209117,79.0752174760004,79.20357513427734,333100
2024-08-13,79.74660559889523,80.41799000396857,79.14434149474474,80.12179565429688,426100
2024-08-14,80.62533417804856,82.52100509465771,80.46735783530114,82.49138641357422,396700
2024-08-15,83.72555649424903,84.25870787110728,82.43214954345295,83.92301940917969,706500
2024-08-16,83.98224627533602,84.84122566659853,83.67617653564858,84.48578643798828,614800
2024-08-19,84.54503005940963,84.90046931434156,83.95263381209871,84.51541137695312,303600
2024-08-20,84.3475692128197,84.3475692128197,83.1825199671634,83.80453491210938,306300
2024-08-21,84.11060393344476,84.62401196770044,83.37010679596114,84.48578643798828,295200
2024-08-22,84.34756484435307,85.14729937968251,83.73541780368595,83.84402465820312,278500
2024-08-23,84.93009423360455,86.85539159465712,84.43642940247223,86.43083953857422,415400
2024-08-26,86.83563308263534,87.05284679430778,85.94704249157802,86.15438079833984,237900
2024-08-27,85.87792991090961,86.30248193027455,85.49286444581998,85.92729187011719,220100
2024-08-28,85.73970252937734,86.7566583885293,85.54223961399042,85.58173370361328,337100
2024-08-29,86.04578155158332,86.69741521149817,85.11768925881177,85.87793731689453,379900
2024-08-30,86.49994801657887,87.07260100009938,85.60147445284217,87.02323150634766,384600
2024-09-03,86.25934227362676,86.63632873024142,84.14626385415501,84.58277130126953,337800
2024-09-04,83.93793245466358,84.93991201356228,83.93793245466358,84.36451721191406,256500
2024-09-05,84.47364842678533,84.8506273324007,83.91809140365456,84.69190216064453,312700
2024-09-06,84.67204899118565,85.08871104359247,81.97365320052502,82.73754119873047,247300
2024-09-09,83.26333504592661,84.92006823502923,82.22167228434117,83.83872985839844,352600
2024-09-10,83.83872697454979,83.83872697454979,82.08278210185382,83.15420532226562,282000
2024-09-11,82.31096156529495,82.43992623652855,80.63438299529085,82.27127838134766,262000
2024-09-12,83.53119118457097,83.98754403676699,82.73755017513857,83.61055755615234,248800
2024-09-13,84.0470581207402,85.28712919176436,84.0470581207402,85.10855865478516,262100
2024-09-16,85.54506271484132,88.5013877928664,85.54506271484132,88.06488037109375,539100
2024-09-17,88.610520165214,89.6422602280447,88.32282276193294,88.87837219238281,581100
2024-09-18,88.87837252952276,90.18789488133912,88.07480887617488,89.2652816772461,430700
2024-09-19,90.91209093868446,92.19184520892135,89.79106940062886,92.13232421875,488400
2024-09-20,92.24145529635432,92.24145529635432,91.00138415247814,91.73550415039062,894900
2024-09-23,91.97359213600933,92.50930375771402,91.20971167117447,91.67597961425781,267900
2024-09-24,91.84462951307768,92.25136890583815,91.47756573573339,92.09264373779297,340800
2024-09-25,92.23152655581708,92.63826592854603,91.5668502828252,92.10255432128906,440000
2024-09-26,92.89620964421115,93.43192129077103,91.54701162371822,92.17201232910156,480600
2024-09-27,92.49938411772116,93.23351168024446,91.77518681234811,92.91605377197266,367200
2024-09-30,92.71763682973578,93.2335106555034,91.84462948378206,93.15414428710938,513000
2024-10-01,92.96565442935974,93.2235913516076,91.44780853049,92.65811920166016,276500
2024-10-02,92.6481929420703,93.80889769425738,92.51922827031399,93.66009521484375,311600
2024-10-03,93.20373776694942,94.2255626773519,92.1521599309309,94.00730895996094,373400
2024-10-04,95.39618870008647,96.13030863728896,93.91801856929588,95.0886459350586,630400
2024-10-07,94.72159651358243,95.74341391358104,94.29501174215845,94.98944854736328,448500
2024-10-08,94.29501159513025,94.90016691106239,93.84858144780021,94.26524353027344,527000
2024-10-09,94.84063718661612,96.46760988099355,94.75135569952154,95.90213775634766,452700
2024-10-10,95.47555066164661,96.05094546041931,94.68190971014691,95.09857177734375,459900
2024-10-11,95.70373443871061,97.61840464018184,95.28707233943761,96.66603088378906,482000
2024-10-14,96.94380074250161,97.66799803547535,96.56681427933783,97.51919555664062,420100
2024-10-15,98.10449826712343,100.08861190596714,98.01521678639605,98.63028717041016,719300
2024-10-16,99.58267189339021,100.56481370347134,99.21561567337437,100.088623046875,695100
2024-10-17,100.51519955207972,101.98344701761467,100.43583318771717,101.60646057128906,653500
2024-10-18,101.93384394517854,102.49931606139276,101.31876595767805,101.39813232421875,530800
2024-10-21,101.36837172103192,101.63622374682997,100.29694848025315,100.67393493652344,552300
2024-10-22,100.26718883662205,100.68385091086596,99.66203353264211,99.71163940429688,580500
2024-10-23,98.47156227389405,100.7532884232858,96.62633597941606,100.4159927368164,938900
2024-10-24,101.47750398375669,103.96756899009986,101.47750398375669,103.4417724609375,736000
2024-10-25,103.6104273672816,104.51319523062986,102.5390040748913,102.66796875,590300
2024-10-28,103.47153880418239,105.09851153207997,103.47153880418239,104.30486297607422,649300
2024-10-29,104.16597086191837,104.61239342380931,103.56081556855044,103.9278793334961,399600
2024-10-30,103.89812585534021,105.25723900863244,103.28304783251714,103.3227310180664,546800
2024-10-31,103.54097869084814,104.15604910885905,102.02312531545033,102.79693603515625,646300
2024-11-01,103.19374966484291,103.66994028061131,101.735432460787,102.44970703125,820500
2024-11-04,101.82471794300646,101.82471794300646,99.9398083501152,100.43583679199219,813000
2024-11-05,100.48544739684674,102.28106801900641,100.02910211707996,101.87432861328125,595000
2024-11-06,108.51117753580057,116.8246189366352,107.80681806752439,115.99128723144531,1452600
2024-11-07,115.11828755433336,115.2770127280347,112.65798302721585,113.14409637451172,636800
2024-11-08,113.65003535175927,114.70162080615229,112.6579784577843,114.38416290283203,447200
2024-11-11,116.4377130901121,117.1817557140706,115.42581088300447,116.55675506591797,495900
2024-11-12,116.24922393777136,116.63612551026463,114.7710613257126,115.43573760986328,428800
2024-11-13,116.44763457089476,116.44763457089476,113.85836549255372,114.28495025634766,369300
2024-11-14,114.89010722288883,115.30677687337462,113.75916296184202,114.65201568603516,458000
2024-11-15,114.21550469396044,114.61232895563441,112.757187453158,113.53099060058594,956000
2024-11-18,114.14606600026113,114.45360879010444,112.79686799292996,113.40202331542969,881800
2024-11-19,112.00322489239105,113.01511959441781,111.00124530977708,112.26116180419922,515900
2024-11-20,112.59845378997429,112.74726383297077,111.3980658957108,112.53893280029297,380600
2024-11-21,112.50917653993423,114.46352227302698,112.50917653993423,114.09646606445312,417000
2024-11-22,114.29487254108449,115.69367637863242,113.66987942978479,115.2968521118164,488500
2024-11-25,116.0111318562591,118.17381611802105,115.51510342529346,116.7849349975586,1056000
2024-11-26,116.15993610012434,117.17183835323402,114.85042132517728,115.7531967163086,526300
2024-11-27,116.58651739021674,116.74525011884053,115.0587565055747,115.35636901855469,396800
2024-11-29,116.55675894326085,116.55675894326085,114.79089893466362,114.88018798828125,294500
2024-12-02,115.706591422034,116.63256307835525,114.16331039239518,114.24295806884766,554400
2024-12-03,114.96979829565427,115.08927360762851,112.96850326029215,113.25724792480469,477000
2024-12-04,113.4862538906936,113.90443267145125,112.39101289869294,113.13776397705078,399000
2024-12-05,113.64555578478566,114.47196212697068,113.40659756890079,113.60572814941406,462900
2024-12-06,113.28711531219996,114.12348046710848,112.06244780196805,113.38668060302734,462700
2024-12-09,113.3767326049728,113.5161255353511,110.17068001358211,110.49925231933594,444800
2024-12-10,110.32002866756464,111.16634503443895,109.29448414224967,110.14080810546875,454700
2024-12-11,111.10660355351035,112.3213198937907,110.16072186366976,111.76374816894531,509900
2024-12-12,111.91309591867464,112.38106114092005,110.14080791673265,111.00703430175781,544700
2024-12-13,111.53473959503685,112.71958709010164,109.7923203829274,110.10098266601562,639300
2024-12-16,110.34990028233497,110.34990028233497,108.22912231124424,108.98583221435547,687900
2024-12-17,108.17933917492927,108.25899444501427,106.18800300087202,106.71570587158203,560000
2024-12-18,107.37284710551299,108.03995052342802,101.76723828852433,101.87676239013672,543900
2024-12-19,103.02177923590986,105.30186009013028,101.42871179960916,101.82697296142578,987200
2024-12-20,101.41875668853376,104.45554753432211,101.30923258613845,104.03736114501953,2132600
2024-12-23,103.32047358909678,105.57068558275115,102.57372252714616,105.4810791015625,508300
2024-12-24,105.69017483339896,106.98453886069196,105.29190605717609,106.81527709960938,262100
2024-12-26,106.43692462953486,107.4724203964253,105.84947648266224,107.25337219238281,397100
2024-12-27,106.44688456446248,107.42263508835839,105.44125761541684,106.19796752929688,330200
2024-12-30,104.96332923301185,106.40705253518784,104.38583991214145,105.69017028808594,354900
2024-12-31,106.40705449373856,106.48670216994776,104.93346233686754,105.62047576904297,469000
2025-01-02,106.26766453285491,107.29320150750975,105.46116816932398,105.67025756835938,482700
2025-01-03,105.83952397803691,107.84081142577483,105.38150995899029,107.69146728515625,482200
2025-01-06,108.60747581535738,109.26461279700438,107.75120066022295,108.07977294921875,800600
2025-01-07,108.89622701855527,109.13518524476626,105.25207798619857,107.65164184570312,701500
2025-01-08,107.16375982733008,108.07978029494105,106.69580217960488,108.0499038696289,499500
2025-01-10,105.46116770974533,106.55640114597249,102.8624732530877,103.5395278930664,784600
2025-01-13,102.52394978897519,104.54515490165872,102.12568101293796,104.43563079833984,587000
2025-01-14,105.43129706881304,107.21354392277665,104.74428363225218,106.88497161865234,948800
2025-01-15,109.52348871048605,110.32002621237288,108.69708238163877,109.56331634521484,1204800
2025-01-16,109.88193002052523,111.92305262499526,109.84210238572618,111.35551452636719,1071200
2025-01-17,112.00270255039581,113.5758599730407,111.6741378502999,113.38668060302734,746500
2025-01-21,114.00399990180182,115.89577085175573,114.00399990180182,115.72650909423828,628700
2025-01-22,114.8005372288328,115.16892957142538,113.05811801952649,114.52174377441406,529100
2025-01-23,114.38235278966792,115.35811090585732,113.69534694097814,114.4520492553711,562200
2025-01-24,113.4962055932391,114.19317782719435,113.28711620195597,113.78495025634766,613100
2025-01-27,112.05248853544133,113.28711484860708,110.85768226136777,112.739501953125,589200
2025-01-28,111.89317966188345,115.50745976913537,111.89317966188345,114.71092224121094,582500
2025-01-29,115.9953343893248,118.2554976483388,113.55595056731468,117.00096130371094,1134700
2025-01-30,118.48450541962741,120.11740051686259,114.53170179651542,117.09056854248047,948500
2025-01-31,117.5187090033176,117.94684660611281,114.2230499004362,115.34815216064453,1049300
2025-02-03,111.95292801571743,113.23734082699872,110.09102586050903,112.41093444824219,735400
2025-02-04,112.43084323840893,113.22738077968536,111.06678276413012,111.67414093017578,593600
2025-02-05,111.79361755921681,112.84902335693208,110.32003296576663,112.71958923339844,763000
2025-02-06,114.04382713289638,114.89014351382066,113.1875519438168,113.90443420410156,386300
2025-02-07,114.49187638399974,114.79057986216982,112.76937476940795,112.90876770019531,484000
2025-02-10,113.23733480601025,113.23733480601025,108.04989739120451,109.06548309326172,1175000
2025-02-11,108.95596175788212,108.95596175788212,106.3572673788594,107.91050720214844,787100
2025-02-12,106.61614236563783,107.73128578010358,106.0187430226962,107.51224517822266,788600
2025-02-13,108.31873566364322,108.5178662490635,106.96462641301964,108.30877685546875,590200
2025-02-14,108.48799580524833,110.17067733346677,108.48799580524833,109.89189147949219,428900
2025-02-18,109.62305767472003,111.13647745977998,109.62305767472003,110.87760162353516,558300
2025-02-19,110.68841995618189,110.86764051658218,109.28453189666685,110.02132415771484,539700
2025-02-20,109.78236818021237,109.78236818021237,104.96333056697445,106.7356185913086,1172500
2025-02-21,107.35293537633633,107.35293537633633,102.51398775132469,103.45987701416016,822400
2025-02-24,104.49536648653132,105.98886867126315,101.7174591077137,105.0927734375,1184800
2025-02-25,105.43129389535082,105.73994857374657,101.38888386341394,103.55944061279297,702900
2025-02-26,104.27632540116748,105.92913052790922,103.778491341878,104.44558715820312,373600
2025-02-27,105.28194241823742,105.83952171790466,103.18108212648973,103.58930969238281,530900
2025-02-28,103.63908668480666,105.79969218920718,102.97199089507697,105.72999572753906,596500
2025-03-03,106.08000183105469,106.75,103.23999786376953,103.5199966430664,547400
2025-03-04,101.12000274658203,101.41999816894531,96.94999694824219,99.33999633789062,1160700
2025-03-05,100.05000305175781,101.08999633789062,98.19000244140625,101.02999877929688,922700
2025-03-06,99.12000274658203,100.97000122070312,97.55999755859375,98.43000030517578,1001100
2025-03-07,97.98999786376953,97.98999786376953,93.23999786376953,96.44999694824219,980000
2025-03-10,94.11000061035156,94.51000213623047,90.44000244140625,91.62000274658203,1100800
2025-03-11,91.7699966430664,95.31999969482422,91.2699966430664,93.9000015258789,1169600
2025-03-12,96.0199966430664,96.51000213623047,94.33000183105469,95.18000030517578,1146100
2025-03-13,95.48999786376953,95.72000122070312,91.72000122070312,93.04000091552734,942300
2025-03-14,94.4800033569336,95.87999725341797,93.25,95.3499984741211,1170500
2025-03-17,94.93000030517578,97.0199966430664,94.93000030517578,96.87000274658203,845200
2025-03-18,96.9800033569336,96.9800033569336,95.08000183105469,96.2699966430664,594900
2025-03-19,96.1500015258789,99.29000091552734,95.33000183105469,98.68000030517578,608600
2025-03-20,97.26000213623047,99.19999694824219,97.11000061035156,98.22000122070312,468600
2025-03-21,97.04000091552734,98.91000366210938,96.55000305175781,98.2699966430664,1117400
2025-03-24,100.0,102.63999938964844,99.2300033569336,102.18000030517578,597200
2025-03-25,102.30999755859375,102.77999877929688,100.87999725341797,101.87999725341797,494600
2025-03-26,102.30000305175781,102.62999725341797,98.83000183105469,99.08999633789062,863600
2025-03-27,98.26000213623047,98.80999755859375,95.98999786376953,97.06999969482422,808600
2025-03-28,96.44999694824219,97.04000091552734,93.08000183105469,93.87000274658203,817700
2025-03-31,92.18000030517578,94.80000305175781,90.73999786376953,94.26000213623047,1026400
2025-04-01,93.69000244140625,95.3499984741211,92.55000305175781,94.80000305175781,708900
2025-04-02,92.97000122070312,96.9000015258789,92.97000122070312,96.5,753300
2025-04-03,89.19999694824219,90.16000366210938,85.0999984741211,86.01000213623047,1407300
2025-04-04,81.76000213623047,82.33999633789062,77.6500015258789,79.12999725341797,2100600
2025-04-07,76.05999755859375,82.16999816894531,73.2699966430664,78.51000213623047,1754200
2025-04-08,81.27999877929688,82.30000305175781,75.48999786376953,76.48999786376953,1596100
2025-04-09,74.95999908447266,87.33000183105469,74.66000366210938,86.33999633789062,1314400
2025-04-10,83.95999908447266,84.4000015258789,77.94999694824219,80.16999816894531,922739
