PERMNO,date,TICKER,PERMCO,RET
86580,12/31/2003,NVDA,16382,0.092793
86580,1/30/2004,NVDA,16382,-0.040948
86580,2/27/2004,NVDA,16382,0
86580,3/31/2004,NVDA,16382,0.186517
86580,4/30/2004,NVDA,16382,-0.222727
86580,5/28/2004,NVDA,16382,0.142788
86580,6/30/2004,NVDA,16382,-0.127079
86580,7/30/2004,NVDA,16382,-0.246702
86580,8/31/2004,NVDA,16382,-0.191959
86580,9/30/2004,NVDA,16382,0.165329
86580,10/29/2004,NVDA,16382,-0.003444
86580,11/30/2004,NVDA,16382,0.322046
86580,12/31/2004,NVDA,16382,0.231573
86580,1/31/2005,NVDA,16382,-0.027165
86580,2/28/2005,NVDA,16382,0.264834
86580,3/31/2005,NVDA,16382,-0.180407
86580,4/29/2005,NVDA,16382,-0.07702
86580,5/31/2005,NVDA,16382,0.23575
86580,6/30/2005,NVDA,16382,-0.014022
86580,7/29/2005,NVDA,16382,0.012725
86580,8/31/2005,NVDA,16382,0.133777
86580,9/30/2005,NVDA,16382,0.11734
86580,10/31/2005,NVDA,16382,-0.021295
86580,11/30/2005,NVDA,16382,0.077496
86580,12/30/2005,NVDA,16382,0.011342
86580,1/31/2006,NVDA,16382,0.229759
86580,2/28/2006,NVDA,16382,0.048265
86580,3/31/2006,NVDA,16382,0.214937
86580,4/28/2006,NVDA,16382,0.020608
86580,5/31/2006,NVDA,16382,-0.213552
86580,6/30/2006,NVDA,16382,-0.073542
86580,7/31/2006,NVDA,16382,0.039925
86580,8/31/2006,NVDA,16382,0.314815
86580,9/29/2006,NVDA,16382,0.016489
86580,10/31/2006,NVDA,16382,0.178439
86580,11/30/2006,NVDA,16382,0.060797
86580,12/29/2006,NVDA,16382,0.000541
86580,1/31/2007,NVDA,16382,-0.171845
86580,2/28/2007,NVDA,16382,0.011419
86580,3/30/2007,NVDA,16382,-0.071613
86580,4/30/2007,NVDA,16382,0.142807
86580,5/31/2007,NVDA,16382,0.053177
86580,6/29/2007,NVDA,16382,0.192586
86580,7/31/2007,NVDA,16382,0.107722
86580,8/31/2007,NVDA,16382,0.118007
86580,9/28/2007,NVDA,16382,0.062549
86580,10/31/2007,NVDA,16382,-0.023731
86580,11/30/2007,NVDA,16382,-0.108536
86580,12/31/2007,NVDA,16382,0.07863
86580,1/31/2008,NVDA,16382,-0.27719
86580,2/29/2008,NVDA,16382,-0.130134
86580,3/31/2008,NVDA,16382,-0.074801
86580,4/30/2008,NVDA,16382,0.038403
86580,5/30/2008,NVDA,16382,0.201947
86580,6/30/2008,NVDA,16382,-0.242105
86580,7/31/2008,NVDA,16382,-0.388889
86580,8/29/2008,NVDA,16382,0.104895
86580,9/30/2008,NVDA,16382,-0.15269
86580,10/31/2008,NVDA,16382,-0.182073
86580,11/28/2008,NVDA,16382,-0.14726
86580,12/31/2008,NVDA,16382,0.080321
86580,1/30/2009,NVDA,16382,-0.01487
86580,2/27/2009,NVDA,16382,0.041509
86580,3/31/2009,NVDA,16382,0.190821
86580,4/30/2009,NVDA,16382,0.1643
86580,5/29/2009,NVDA,16382,-0.091463
86580,6/30/2009,NVDA,16382,0.082454
86580,7/31/2009,NVDA,16382,0.145261
86580,8/31/2009,NVDA,16382,0.12297
86580,9/30/2009,NVDA,16382,0.035124
86580,10/30/2009,NVDA,16382,-0.204258
86580,11/30/2009,NVDA,16382,0.091973
86580,12/31/2009,NVDA,16382,0.430322
86580,1/29/2010,NVDA,16382,-0.176124
86580,2/26/2010,NVDA,16382,0.052632
86580,3/31/2010,NVDA,16382,0.074074
86580,4/30/2010,NVDA,16382,-0.097126
86580,5/28/2010,NVDA,16382,-0.16359
86580,6/30/2010,NVDA,16382,-0.222983
86580,7/30/2010,NVDA,16382,-0.099902
86580,8/31/2010,NVDA,16382,0.01469
86580,9/30/2010,NVDA,16382,0.252761
86580,10/29/2010,NVDA,16382,0.028976
86580,11/30/2010,NVDA,16382,0.132149
86580,12/31/2010,NVDA,16382,0.131604
86580,1/31/2011,NVDA,16382,0.553247
86580,2/28/2011,NVDA,16382,-0.052676
86580,3/31/2011,NVDA,16382,-0.185349
86580,4/29/2011,NVDA,16382,0.083424
86580,5/31/2011,NVDA,16382,0.002
86580,6/30/2011,NVDA,16382,-0.20484
86580,7/29/2011,NVDA,16382,-0.132099
86580,8/31/2011,NVDA,16382,-0.037599
86580,9/30/2011,NVDA,16382,-0.060105
86580,10/31/2011,NVDA,16382,0.183054
86580,11/30/2011,NVDA,16382,0.056081
86580,12/30/2011,NVDA,16382,-0.113244
86580,1/31/2012,NVDA,16382,0.065657
86580,2/29/2012,NVDA,16382,0.025728
86580,3/30/2012,NVDA,16382,0.016172
86580,4/30/2012,NVDA,16382,-0.15557
86580,5/31/2012,NVDA,16382,-0.043846
86580,6/29/2012,NVDA,16382,0.111826
86580,7/31/2012,NVDA,16382,-0.02026
86580,8/31/2012,NVDA,16382,0.036189
86580,9/28/2012,NVDA,16382,-0.04918
86580,10/31/2012,NVDA,16382,-0.102324
86580,11/30/2012,NVDA,16382,0.005846
86580,12/31/2012,NVDA,16382,0.024227
86580,1/31/2013,NVDA,16382,0
86580,2/28/2013,NVDA,16382,0.038744
86580,3/28/2013,NVDA,16382,0.013428
86580,4/30/2013,NVDA,16382,0.073266
86580,5/31/2013,NVDA,16382,0.056282
86580,6/28/2013,NVDA,16382,-0.029717
86580,7/31/2013,NVDA,16382,0.028134
86580,8/30/2013,NVDA,16382,0.027018
86580,9/30/2013,NVDA,16382,0.054915
86580,10/31/2013,NVDA,16382,-0.023843
86580,11/29/2013,NVDA,16382,0.032655
86580,12/31/2013,NVDA,16382,0.026923
86580,1/31/2014,NVDA,16382,-0.019975
86580,2/28/2014,NVDA,16382,0.176115
86580,3/31/2014,NVDA,16382,-0.025571
86580,4/30/2014,NVDA,16382,0.031267
86580,5/30/2014,NVDA,16382,0.033297
86580,6/30/2014,NVDA,16382,-0.02421
86580,7/31/2014,NVDA,16382,-0.056095
86580,8/29/2014,NVDA,16382,0.116286
86580,9/30/2014,NVDA,16382,-0.051414
86580,10/31/2014,NVDA,16382,0.059079
86580,11/28/2014,NVDA,16382,0.077533
86580,12/31/2014,NVDA,16382,-0.043872
86580,1/30/2015,NVDA,16382,-0.042145
86580,2/27/2015,NVDA,16382,0.153085
86580,3/31/2015,NVDA,16382,-0.051451
86580,4/30/2015,NVDA,16382,0.060693
86580,5/29/2015,NVDA,16382,0.001464
86580,6/30/2015,NVDA,16382,-0.091279
86580,7/31/2015,NVDA,16382,-0.007956
86580,8/31/2015,NVDA,16382,0.131704
86580,9/30/2015,NVDA,16382,0.09653
86580,10/30/2015,NVDA,16382,0.150913
86580,11/30/2015,NVDA,16382,0.122136
86580,12/31/2015,NVDA,16382,0.039092
86580,1/29/2016,NVDA,16382,-0.111347
86580,2/29/2016,NVDA,16382,0.074599
86580,3/31/2016,NVDA,16382,0.136161
86580,4/29/2016,NVDA,16382,-0.002807
86580,5/31/2016,NVDA,16382,0.318182
86580,6/30/2016,NVDA,16382,0.006207
86580,7/29/2016,NVDA,16382,0.214635
86580,8/31/2016,NVDA,16382,0.07627
86580,9/30/2016,NVDA,16382,0.117052
86580,10/31/2016,NVDA,16382,0.038529
86580,11/30/2016,NVDA,16382,0.297639
86580,12/30/2016,NVDA,16382,0.157701
86580,1/31/2017,NVDA,16382,0.022859
86580,2/28/2017,NVDA,16382,-0.069243
86580,3/31/2017,NVDA,16382,0.073413
86580,4/28/2017,NVDA,16382,-0.042504
86580,5/31/2017,NVDA,16382,0.385331
86580,6/30/2017,NVDA,16382,0.001455
86580,7/31/2017,NVDA,16382,0.12417
86580,8/31/2017,NVDA,16382,0.043505
86580,9/29/2017,NVDA,16382,0.055064
86580,10/31/2017,NVDA,16382,0.15685
86580,11/30/2017,NVDA,16382,-0.02877
86580,12/29/2017,NVDA,16382,-0.035923
86580,1/31/2018,NVDA,16382,0.270284
86580,2/28/2018,NVDA,16382,-0.014849
86580,3/29/2018,NVDA,16382,-0.043017
86580,4/30/2018,NVDA,16382,-0.028887
86580,5/31/2018,NVDA,16382,0.12201
86580,6/29/2018,NVDA,16382,-0.060629
86580,7/31/2018,NVDA,16382,0.033601
86580,8/31/2018,NVDA,16382,0.1469
86580,9/28/2018,NVDA,16382,0.001211
86580,10/31/2018,NVDA,16382,-0.249769
86580,11/30/2018,NVDA,16382,-0.224067
86580,12/31/2018,NVDA,16382,-0.183136
86580,1/31/2019,NVDA,16382,0.076779
86580,2/28/2019,NVDA,16382,0.074226
86580,3/29/2019,NVDA,16382,0.164009
86580,4/30/2019,NVDA,16382,0.00802
86580,5/31/2019,NVDA,16382,-0.250718
86580,6/28/2019,NVDA,16382,0.212387
86580,7/31/2019,NVDA,16382,0.02734
86580,8/30/2019,NVDA,16382,-0.006223
86580,9/30/2019,NVDA,16382,0.039162
86580,10/31/2019,NVDA,16382,0.154823
86580,11/29/2019,NVDA,16382,0.078997
86580,12/31/2019,NVDA,16382,0.085633
86580,1/31/2020,NVDA,16382,0.004802
86580,2/28/2020,NVDA,16382,0.14296
86580,3/31/2020,NVDA,16382,-0.023957
86580,4/30/2020,NVDA,16382,0.108801
86580,5/29/2020,NVDA,16382,0.214657
86580,6/30/2020,NVDA,16382,0.070559
86580,7/31/2020,NVDA,16382,0.117607
86580,8/31/2020,NVDA,16382,0.259992
86580,9/30/2020,NVDA,16382,0.011963
86580,10/30/2020,NVDA,16382,-0.073648
86580,11/30/2020,NVDA,16382,0.069212
86580,12/31/2020,NVDA,16382,-0.025557
86580,1/29/2021,NVDA,16382,-0.004998
86580,2/26/2021,NVDA,16382,0.055794
86580,3/31/2021,NVDA,16382,-0.026414
86580,4/30/2021,NVDA,16382,0.124455
86580,5/28/2021,NVDA,16382,0.082281
86580,6/30/2021,NVDA,16382,0.231586
86580,7/30/2021,NVDA,16382,-0.025172
86580,8/31/2021,NVDA,16382,0.148213
86580,9/30/2021,NVDA,16382,-0.074559
86580,10/29/2021,NVDA,16382,0.234167
86580,11/30/2021,NVDA,16382,0.278054
86580,12/31/2021,NVDA,16382,-0.099798
86580,1/31/2022,NVDA,16382,-0.167454
86580,2/28/2022,NVDA,16382,-0.004125
86580,3/31/2022,NVDA,16382,0.119131
86580,4/29/2022,NVDA,16382,-0.320274
86580,5/31/2022,NVDA,16382,0.00674
86580,6/30/2022,NVDA,16382,-0.187928
86580,7/29/2022,NVDA,16382,0.198166
86580,8/31/2022,NVDA,16382,-0.16897
86580,9/30/2022,NVDA,16382,-0.195508
86580,10/31/2022,NVDA,16382,0.111871
86580,11/30/2022,NVDA,16382,0.254131
86580,12/30/2022,NVDA,16382,-0.136442
86580,1/31/2023,NVDA,16382,0.336869
86580,2/28/2023,NVDA,16382,0.188309
86580,3/31/2023,NVDA,16382,0.196632
86580,4/28/2023,NVDA,16382,-0.001008
86580,5/31/2023,NVDA,16382,0.363437
86580,6/30/2023,NVDA,16382,0.118201
86580,7/31/2023,NVDA,16382,0.104652
86580,8/31/2023,NVDA,16382,0.056196
86580,9/29/2023,NVDA,16382,-0.11857
86580,10/31/2023,NVDA,16382,-0.062507
86580,11/30/2023,NVDA,16382,0.146886
86580,12/29/2023,NVDA,16382,0.058927
10107,12/31/2003,MSFT,8048,0.064566
10107,1/30/2004,MSFT,8048,0.01023
10107,2/27/2004,MSFT,8048,-0.040506
10107,3/31/2004,MSFT,8048,-0.060309
10107,4/30/2004,MSFT,8048,0.048135
10107,5/28/2004,MSFT,8048,0.003827
10107,6/30/2004,MSFT,8048,0.08883
10107,7/30/2004,MSFT,8048,-0.002451
10107,8/31/2004,MSFT,8048,-0.038961
10107,9/30/2004,MSFT,8048,0.012821
10107,10/29/2004,MSFT,8048,0.011573
10107,11/30/2004,MSFT,8048,0.068645
10107,12/31/2004,MSFT,8048,-0.003357
10107,1/31/2005,MSFT,8048,-0.016467
10107,2/28/2005,MSFT,8048,-0.039574
10107,3/31/2005,MSFT,8048,-0.039348
10107,4/29/2005,MSFT,8048,0.046752
10107,5/31/2005,MSFT,8048,0.022925
10107,6/30/2005,MSFT,8048,-0.037209
10107,7/29/2005,MSFT,8048,0.030998
10107,8/31/2005,MSFT,8048,0.072237
10107,9/30/2005,MSFT,8048,-0.060263
10107,10/31/2005,MSFT,8048,-0.001166
10107,11/30/2005,MSFT,8048,0.080156
10107,12/30/2005,MSFT,8048,-0.055275
10107,1/31/2006,MSFT,8048,0.076482
10107,2/28/2006,MSFT,8048,-0.042273
10107,3/31/2006,MSFT,8048,0.012653
10107,4/28/2006,MSFT,8048,-0.112459
10107,5/31/2006,MSFT,8048,-0.058385
10107,6/30/2006,MSFT,8048,0.028698
10107,7/31/2006,MSFT,8048,0.032618
10107,8/31/2006,MSFT,8048,0.071904
10107,9/29/2006,MSFT,8048,0.064202
10107,10/31/2006,MSFT,8048,0.049726
10107,11/30/2006,MSFT,8048,0.026123
10107,12/29/2006,MSFT,8048,0.01703
10107,1/31/2007,MSFT,8048,0.03349
10107,2/28/2007,MSFT,8048,-0.083927
10107,3/30/2007,MSFT,8048,-0.01065
10107,4/30/2007,MSFT,8048,0.074273
10107,5/31/2007,MSFT,8048,0.028393
10107,6/29/2007,MSFT,8048,-0.039756
10107,7/31/2007,MSFT,8048,-0.016288
10107,8/31/2007,MSFT,8048,-0.005519
10107,9/28/2007,MSFT,8048,0.025409
10107,10/31/2007,MSFT,8048,0.249491
10107,11/30/2007,MSFT,8048,-0.084216
10107,12/31/2007,MSFT,8048,0.059524
10107,1/31/2008,MSFT,8048,-0.08427
10107,2/29/2008,MSFT,8048,-0.162273
10107,3/31/2008,MSFT,8048,0.043386
10107,4/30/2008,MSFT,8048,0.004933
10107,5/30/2008,MSFT,8048,-0.003156
10107,6/30/2008,MSFT,8048,-0.028602
10107,7/31/2008,MSFT,8048,-0.065067
10107,8/29/2008,MSFT,8048,0.065319
10107,9/30/2008,MSFT,8048,-0.021986
10107,10/31/2008,MSFT,8048,-0.163357
10107,11/28/2008,MSFT,8048,-0.08867
10107,12/31/2008,MSFT,8048,-0.038576
10107,1/30/2009,MSFT,8048,-0.12037
10107,2/27/2009,MSFT,8048,-0.047953
10107,3/31/2009,MSFT,8048,0.137461
10107,4/30/2009,MSFT,8048,0.102885
10107,5/29/2009,MSFT,8048,0.037512
10107,6/30/2009,MSFT,8048,0.137865
10107,7/31/2009,MSFT,8048,-0.010517
10107,8/31/2009,MSFT,8048,0.053571
10107,9/30/2009,MSFT,8048,0.043408
10107,10/30/2009,MSFT,8048,0.078149
10107,11/30/2009,MSFT,8048,0.065272
10107,12/31/2009,MSFT,8048,0.036382
10107,1/29/2010,MSFT,8048,-0.075459
10107,2/26/2010,MSFT,8048,0.022001
10107,3/31/2010,MSFT,8048,0.021538
10107,4/30/2010,MSFT,8048,0.042595
10107,5/28/2010,MSFT,8048,-0.150811
10107,6/30/2010,MSFT,8048,-0.10814
10107,7/30/2010,MSFT,8048,0.121686
10107,8/31/2010,MSFT,8048,-0.085819
10107,9/30/2010,MSFT,8048,0.043682
10107,10/29/2010,MSFT,8048,0.088812
10107,11/30/2010,MSFT,8048,-0.046784
10107,12/31/2010,MSFT,8048,0.105018
10107,1/31/2011,MSFT,8048,-0.006628
10107,2/28/2011,MSFT,8048,-0.035528
10107,3/31/2011,MSFT,8048,-0.044771
10107,4/29/2011,MSFT,8048,0.020874
10107,5/31/2011,MSFT,8048,-0.028935
10107,6/30/2011,MSFT,8048,0.039584
10107,7/29/2011,MSFT,8048,0.053846
10107,8/31/2011,MSFT,8048,-0.023358
10107,9/30/2011,MSFT,8048,-0.064286
10107,10/31/2011,MSFT,8048,0.069908
10107,11/30/2011,MSFT,8048,-0.031919
10107,12/30/2011,MSFT,8048,0.014855
10107,1/31/2012,MSFT,8048,0.137519
10107,2/29/2012,MSFT,8048,0.081612
10107,3/30/2012,MSFT,8048,0.016226
10107,4/30/2012,MSFT,8048,-0.007441
10107,5/31/2012,MSFT,8048,-0.081993
10107,6/29/2012,MSFT,8048,0.047962
10107,7/31/2012,MSFT,8048,-0.036613
10107,8/31/2012,MSFT,8048,0.052596
10107,9/28/2012,MSFT,8048,-0.034393
10107,10/31/2012,MSFT,8048,-0.040995
10107,11/30/2012,MSFT,8048,-0.05939
10107,12/31/2012,MSFT,8048,0.003558
10107,1/31/2013,MSFT,8048,0.027717
10107,2/28/2013,MSFT,8048,0.021129
10107,3/28/2013,MSFT,8048,0.028957
10107,4/30/2013,MSFT,8048,0.15714
10107,5/31/2013,MSFT,8048,0.061329
10107,6/28/2013,MSFT,8048,-0.010172
10107,7/31/2013,MSFT,8048,-0.078304
10107,8/30/2013,MSFT,8048,0.056219
10107,9/30/2013,MSFT,8048,-0.003593
10107,10/31/2013,MSFT,8048,0.063852
10107,11/29/2013,MSFT,8048,0.084875
10107,12/31/2013,MSFT,8048,-0.018883
10107,1/31/2014,MSFT,8048,0.011494
10107,2/28/2014,MSFT,8048,0.01982
10107,3/31/2014,MSFT,8048,0.069956
10107,4/30/2014,MSFT,8048,-0.014394
10107,5/30/2014,MSFT,8048,0.020297
10107,6/30/2014,MSFT,8048,0.018564
10107,7/31/2014,MSFT,8048,0.035012
10107,8/29/2014,MSFT,8048,0.059082
10107,9/30/2014,MSFT,8048,0.020471
10107,10/31/2014,MSFT,8048,0.012726
10107,11/28/2014,MSFT,8048,0.02492
10107,12/31/2014,MSFT,8048,-0.028446
10107,1/30/2015,MSFT,8048,-0.130248
10107,2/27/2015,MSFT,8048,0.093069
10107,3/31/2015,MSFT,8048,-0.072862
10107,4/30/2015,MSFT,8048,0.196409
10107,5/29/2015,MSFT,8048,-0.030222
10107,6/30/2015,MSFT,8048,-0.057832
10107,7/31/2015,MSFT,8048,0.057758
10107,8/31/2015,MSFT,8048,-0.061456
10107,9/30/2015,MSFT,8048,0.017004
10107,10/30/2015,MSFT,8048,0.189336
10107,11/30/2015,MSFT,8048,0.039324
10107,12/31/2015,MSFT,8048,0.020791
10107,1/29/2016,MSFT,8048,-0.00703
10107,2/29/2016,MSFT,8048,-0.069886
10107,3/31/2016,MSFT,8048,0.085495
10107,4/29/2016,MSFT,8048,-0.097049
10107,5/31/2016,MSFT,8048,0.069982
10107,6/30/2016,MSFT,8048,-0.034528
10107,7/29/2016,MSFT,8048,0.10768
10107,8/31/2016,MSFT,8048,0.020113
10107,9/30/2016,MSFT,8048,0.002436
10107,10/31/2016,MSFT,8048,0.040278
10107,11/30/2016,MSFT,8048,0.012183
10107,12/30/2016,MSFT,8048,0.031198
10107,1/31/2017,MSFT,8048,0.040393
10107,2/28/2017,MSFT,8048,-0.004331
10107,3/31/2017,MSFT,8048,0.029384
10107,4/28/2017,MSFT,8048,0.039478
10107,5/31/2017,MSFT,8048,0.025854
10107,6/30/2017,MSFT,8048,-0.01303
10107,7/31/2017,MSFT,8048,0.054693
10107,8/31/2017,MSFT,8048,0.033838
10107,9/29/2017,MSFT,8048,-0.003745
10107,10/31/2017,MSFT,8048,0.11666
10107,11/30/2017,MSFT,8048,0.016951
10107,12/29/2017,MSFT,8048,0.016277
10107,1/31/2018,MSFT,8048,0.110708
10107,2/28/2018,MSFT,8048,-0.008631
10107,3/29/2018,MSFT,8048,-0.026661
10107,4/30/2018,MSFT,8048,0.024652
10107,5/31/2018,MSFT,8048,0.061377
10107,6/29/2018,MSFT,8048,-0.002327
10107,7/31/2018,MSFT,8048,0.075753
10107,8/31/2018,MSFT,8048,0.062877
10107,9/28/2018,MSFT,8048,0.018161
10107,10/31/2018,MSFT,8048,-0.066101
10107,11/30/2018,MSFT,8048,0.042505
10107,12/31/2018,MSFT,8048,-0.084047
10107,1/31/2019,MSFT,8048,0.028158
10107,2/28/2019,MSFT,8048,0.077181
10107,3/29/2019,MSFT,8048,0.052754
10107,4/30/2019,MSFT,8048,0.107343
10107,5/31/2019,MSFT,8048,-0.049464
10107,6/28/2019,MSFT,8048,0.083118
10107,7/31/2019,MSFT,8048,0.017244
10107,8/30/2019,MSFT,8048,0.015044
10107,9/30/2019,MSFT,8048,0.008487
10107,10/31/2019,MSFT,8048,0.031216
10107,11/29/2019,MSFT,8048,0.059427
10107,12/31/2019,MSFT,8048,0.041749
10107,1/31/2020,MSFT,8048,0.079455
10107,2/28/2020,MSFT,8048,-0.045292
10107,3/31/2020,MSFT,8048,-0.026541
10107,4/30/2020,MSFT,8048,0.136326
10107,5/29/2020,MSFT,8048,0.025389
10107,6/30/2020,MSFT,8048,0.110559
10107,7/31/2020,MSFT,8048,0.007371
10107,8/31/2020,MSFT,8048,0.10258
10107,9/30/2020,MSFT,8048,-0.067397
10107,10/30/2020,MSFT,8048,-0.03737
10107,11/30/2020,MSFT,8048,0.060058
10107,12/31/2020,MSFT,8048,0.039006
10107,1/29/2021,MSFT,8048,0.042892
10107,2/26/2021,MSFT,8048,0.004225
10107,3/31/2021,MSFT,8048,0.014588
10107,4/30/2021,MSFT,8048,0.069602
10107,5/28/2021,MSFT,8048,-0.007693
10107,6/30/2021,MSFT,8048,0.084989
10107,7/30/2021,MSFT,8048,0.051717
10107,8/31/2021,MSFT,8048,0.061528
10107,9/30/2021,MSFT,8048,-0.066119
10107,10/29/2021,MSFT,8048,0.176291
10107,11/30/2021,MSFT,8048,-0.001236
10107,12/31/2021,MSFT,8048,0.017333
10107,1/31/2022,MSFT,8048,-0.075345
10107,2/28/2022,MSFT,8048,-0.037205
10107,3/31/2022,MSFT,8048,0.031862
10107,4/29/2022,MSFT,8048,-0.099867
10107,5/31/2022,MSFT,8048,-0.018125
10107,6/30/2022,MSFT,8048,-0.055321
10107,7/29/2022,MSFT,8048,0.093097
10107,8/31/2022,MSFT,8048,-0.066432
10107,9/30/2022,MSFT,8048,-0.109267
10107,10/31/2022,MSFT,8048,-0.003306
10107,11/30/2022,MSFT,8048,0.102055
10107,12/30/2022,MSFT,8048,-0.060045
10107,1/31/2023,MSFT,8048,0.033317
10107,2/28/2023,MSFT,8048,0.009241
10107,3/31/2023,MSFT,8048,0.155882
10107,4/28/2023,MSFT,8048,0.065765
10107,5/31/2023,MSFT,8048,0.070982
10107,6/30/2023,MSFT,8048,0.036999
10107,7/31/2023,MSFT,8048,-0.013567
10107,8/31/2023,MSFT,8048,-0.022267
10107,9/29/2023,MSFT,8048,-0.036643
10107,10/31/2023,MSFT,8048,0.070815
10107,11/30/2023,MSFT,8048,0.122889
10107,12/29/2023,MSFT,8048,-0.007574
89393,12/31/2003,NFLX,43145,0.116122
89393,1/30/2004,NFLX,43145,0.342293
89393,2/27/2004,NFLX,43145,-0.062798
89393,3/31/2004,NFLX,43145,-0.00814
89393,4/30/2004,NFLX,43145,-0.256741
89393,5/28/2004,NFLX,43145,0.298107
89393,6/30/2004,NFLX,43145,0.09356
89393,7/30/2004,NFLX,43145,-0.430556
89393,8/31/2004,NFLX,43145,-0.319512
89393,9/30/2004,NFLX,43145,0.105376
89393,10/29/2004,NFLX,43145,-0.385862
89393,11/30/2004,NFLX,43145,0.20169
89393,12/31/2004,NFLX,43145,0.08348
89393,1/31/2005,NFLX,43145,-0.067315
89393,2/28/2005,NFLX,43145,-0.069565
89393,3/31/2005,NFLX,43145,0.014019
89393,4/29/2005,NFLX,43145,0.064516
89393,5/31/2005,NFLX,43145,0.237229
89393,6/30/2005,NFLX,43145,0.148355
89393,7/29/2005,NFLX,43145,0.131018
89393,8/31/2005,NFLX,43145,0.161638
89393,9/30/2005,NFLX,43145,0.205473
89393,10/31/2005,NFLX,43145,0.01616
89393,11/30/2005,NFLX,43145,0.042787
89393,12/30/2005,NFLX,43145,-0.017429
89393,1/31/2006,NFLX,43145,0.018108
89393,2/28/2006,NFLX,43145,-0.02686
89393,3/31/2006,NFLX,43145,0.081313
89393,4/28/2006,NFLX,43145,0.022422
89393,5/31/2006,NFLX,43145,-0.065789
89393,6/30/2006,NFLX,43145,-0.017335
89393,7/31/2006,NFLX,43145,-0.239618
89393,8/31/2006,NFLX,43145,-0.032383
89393,9/29/2006,NFLX,43145,0.137862
89393,10/31/2006,NFLX,43145,0.214223
89393,11/30/2006,NFLX,43145,0.058568
89393,12/29/2006,NFLX,43145,-0.116803
89393,1/31/2007,NFLX,43145,-0.117943
89393,2/28/2007,NFLX,43145,-0.012275
89393,3/30/2007,NFLX,43145,0.029294
89393,4/30/2007,NFLX,43145,-0.043984
89393,5/31/2007,NFLX,43145,-0.012183
89393,6/29/2007,NFLX,43145,-0.114608
89393,7/31/2007,NFLX,43145,-0.111398
89393,8/31/2007,NFLX,43145,0.016831
89393,9/28/2007,NFLX,43145,0.184355
89393,10/31/2007,NFLX,43145,0.275669
89393,11/30/2007,NFLX,43145,-0.127314
89393,12/31/2007,NFLX,43145,0.152381
89393,1/31/2008,NFLX,43145,-0.055222
89393,2/29/2008,NFLX,43145,0.255666
89393,3/31/2008,NFLX,43145,0.097213
89393,4/30/2008,NFLX,43145,-0.077056
89393,5/30/2008,NFLX,43145,-0.050657
89393,6/30/2008,NFLX,43145,-0.141304
89393,7/31/2008,NFLX,43145,0.184887
89393,8/29/2008,NFLX,43145,-0.001619
89393,9/30/2008,NFLX,43145,0.001297
89393,10/31/2008,NFLX,43145,-0.198187
89393,11/28/2008,NFLX,43145,-0.07189
89393,12/31/2008,NFLX,43145,0.300696
89393,1/30/2009,NFLX,43145,0.2091
89393,2/27/2009,NFLX,43145,0.002767
89393,3/31/2009,NFLX,43145,0.184327
89393,4/30/2009,NFLX,43145,0.055685
89393,5/29/2009,NFLX,43145,-0.129993
89393,6/30/2009,NFLX,43145,0.048706
89393,7/31/2009,NFLX,43145,0.062893
89393,8/31/2009,NFLX,43145,-0.007055
89393,9/30/2009,NFLX,43145,0.058217
89393,10/30/2009,NFLX,43145,0.157678
89393,11/30/2009,NFLX,43145,0.096913
89393,12/31/2009,NFLX,43145,-0.060379
89393,1/29/2010,NFLX,43145,0.129969
89393,2/26/2010,NFLX,43145,0.061044
89393,3/31/2010,NFLX,43145,0.116427
89393,4/30/2010,NFLX,43145,0.341199
89393,5/28/2010,NFLX,43145,0.123862
89393,6/30/2010,NFLX,43145,-0.022492
89393,7/30/2010,NFLX,43145,-0.056144
89393,8/31/2010,NFLX,43145,0.223988
89393,9/30/2010,NFLX,43145,0.291906
89393,10/29/2010,NFLX,43145,0.070363
89393,11/30/2010,NFLX,43145,0.186265
89393,12/31/2010,NFLX,43145,-0.146673
89393,1/31/2011,NFLX,43145,0.218441
89393,2/28/2011,NFLX,43145,-0.034613
89393,3/31/2011,NFLX,43145,0.15053
89393,4/29/2011,NFLX,43145,-0.02149
89393,5/31/2011,NFLX,43145,0.16388
89393,6/30/2011,NFLX,43145,-0.029948
89393,7/29/2011,NFLX,43145,0.012562
89393,8/31/2011,NFLX,43145,-0.116471
89393,9/30/2011,NFLX,43145,-0.518021
89393,10/31/2011,NFLX,43145,-0.27536
89393,11/30/2011,NFLX,43145,-0.213816
89393,12/30/2011,NFLX,43145,0.073764
89393,1/31/2012,NFLX,43145,0.734738
89393,2/29/2012,NFLX,43145,-0.078785
89393,3/30/2012,NFLX,43145,0.038923
89393,4/30/2012,NFLX,43145,-0.303373
89393,5/31/2012,NFLX,43145,-0.208385
89393,6/29/2012,NFLX,43145,0.079524
89393,7/31/2012,NFLX,43145,-0.169891
89393,8/31/2012,NFLX,43145,0.050484
89393,9/28/2012,NFLX,43145,-0.088413
89393,10/31/2012,NFLX,43145,0.455536
89393,11/30/2012,NFLX,43145,0.031179
89393,12/31/2012,NFLX,43145,0.133154
89393,1/31/2013,NFLX,43145,0.784642
89393,2/28/2013,NFLX,43145,0.138223
89393,3/28/2013,NFLX,43145,0.00638
89393,4/30/2013,NFLX,43145,0.141536
89393,5/31/2013,NFLX,43145,0.047114
89393,6/28/2013,NFLX,43145,-0.067006
89393,7/31/2013,NFLX,43145,0.158198
89393,8/30/2013,NFLX,43145,0.161262
89393,9/30/2013,NFLX,43145,0.089113
89393,10/31/2013,NFLX,43145,0.042916
89393,11/29/2013,NFLX,43145,0.134334
89393,12/31/2013,NFLX,43145,0.006479
89393,1/31/2014,NFLX,43145,0.111796
89393,2/28/2014,NFLX,43145,0.088682
89393,3/31/2014,NFLX,43145,-0.21004
89393,4/30/2014,NFLX,43145,-0.085192
89393,5/30/2014,NFLX,43145,0.297447
89393,6/30/2014,NFLX,43145,0.054496
89393,7/31/2014,NFLX,43145,-0.040581
89393,8/29/2014,NFLX,43145,0.129921
89393,9/30/2014,NFLX,43145,-0.055397
89393,10/31/2014,NFLX,43145,-0.129461
89393,11/28/2014,NFLX,43145,-0.117575
89393,12/31/2014,NFLX,43145,-0.014369
89393,1/30/2015,NFLX,43145,0.293288
89393,2/27/2015,NFLX,43145,0.074943
89393,3/31/2015,NFLX,43145,-0.122592
89393,4/30/2015,NFLX,43145,0.335525
89393,5/29/2015,NFLX,43145,0.121402
89393,6/30/2015,NFLX,43145,0.052687
89393,7/31/2015,NFLX,43145,0.218026
89393,8/31/2015,NFLX,43145,0.006299
89393,9/30/2015,NFLX,43145,-0.102321
89393,10/30/2015,NFLX,43145,0.049584
89393,11/30/2015,NFLX,43145,0.137941
89393,12/31/2015,NFLX,43145,-0.07257
89393,1/29/2016,NFLX,43145,-0.197062
89393,2/29/2016,NFLX,43145,0.017095
89393,3/31/2016,NFLX,43145,0.094422
89393,4/29/2016,NFLX,43145,-0.119339
89393,5/31/2016,NFLX,43145,0.139287
89393,6/30/2016,NFLX,43145,-0.108121
89393,7/29/2016,NFLX,43145,-0.002514
89393,8/31/2016,NFLX,43145,0.067945
89393,9/30/2016,NFLX,43145,0.011288
89393,10/31/2016,NFLX,43145,0.267073
89393,11/30/2016,NFLX,43145,-0.063026
89393,12/30/2016,NFLX,43145,0.05812
89393,1/31/2017,NFLX,43145,0.136591
89393,2/28/2017,NFLX,43145,0.010092
89393,3/31/2017,NFLX,43145,0.039963
89393,4/28/2017,NFLX,43145,0.0297
89393,5/31/2017,NFLX,43145,0.071419
89393,6/30/2017,NFLX,43145,-0.083768
89393,7/31/2017,NFLX,43145,0.215849
89393,8/31/2017,NFLX,43145,-0.038258
89393,9/29/2017,NFLX,43145,0.038006
89393,10/31/2017,NFLX,43145,0.083154
89393,11/30/2017,NFLX,43145,-0.045054
89393,12/29/2017,NFLX,43145,0.02335
89393,1/31/2018,NFLX,43145,0.408106
89393,2/28/2018,NFLX,43145,0.077987
89393,3/29/2018,NFLX,43145,0.013625
89393,4/30/2018,NFLX,43145,0.057931
89393,5/31/2018,NFLX,43145,0.125264
89393,6/29/2018,NFLX,43145,0.113282
89393,7/31/2018,NFLX,43145,-0.137905
89393,8/31/2018,NFLX,43145,0.089584
89393,9/28/2018,NFLX,43145,0.017542
89393,10/31/2018,NFLX,43145,-0.193382
89393,11/30/2018,NFLX,43145,-0.051859
89393,12/31/2018,NFLX,43145,-0.064551
89393,1/31/2019,NFLX,43145,0.2684
89393,2/28/2019,NFLX,43145,0.054786
89393,3/29/2019,NFLX,43145,-0.0043
89393,4/30/2019,NFLX,43145,0.039208
89393,5/31/2019,NFLX,43145,-0.073568
89393,6/28/2019,NFLX,43145,0.07003
89393,7/31/2019,NFLX,43145,-0.120685
89393,8/30/2019,NFLX,43145,-0.090529
89393,9/30/2019,NFLX,43145,-0.088953
89393,10/31/2019,NFLX,43145,0.073948
89393,11/29/2019,NFLX,43145,0.094812
89393,12/31/2019,NFLX,43145,0.028316
89393,1/31/2020,NFLX,43145,0.066508
89393,2/28/2020,NFLX,43145,0.069373
89393,3/31/2020,NFLX,43145,0.017532
89393,4/30/2020,NFLX,43145,0.118109
89393,5/29/2020,NFLX,43145,-0.000286
89393,6/30/2020,NFLX,43145,0.084126
89393,7/31/2020,NFLX,43145,0.074367
89393,8/31/2020,NFLX,43145,0.083211
89393,9/30/2020,NFLX,43145,-0.055763
89393,10/30/2020,NFLX,43145,-0.048577
89393,11/30/2020,NFLX,43145,0.031446
89393,12/31/2020,NFLX,43145,0.101956
89393,1/29/2021,NFLX,43145,-0.015424
89393,2/26/2021,NFLX,43145,0.012134
89393,3/31/2021,NFLX,43145,-0.031901
89393,4/30/2021,NFLX,43145,-0.0157
89393,5/28/2021,NFLX,43145,-0.020761
89393,6/30/2021,NFLX,43145,0.050516
89393,7/30/2021,NFLX,43145,-0.020144
89393,8/31/2021,NFLX,43145,0.099735
89393,9/30/2021,NFLX,43145,0.072296
89393,10/29/2021,NFLX,43145,0.131025
89393,11/30/2021,NFLX,43145,-0.070128
89393,12/31/2021,NFLX,43145,-0.061474
89393,1/31/2022,NFLX,43145,-0.290983
89393,2/28/2022,NFLX,43145,-0.076368
89393,3/31/2022,NFLX,43145,-0.050517
89393,4/29/2022,NFLX,43145,-0.491818
89393,5/31/2022,NFLX,43145,0.037193
89393,6/30/2022,NFLX,43145,-0.114313
89393,7/29/2022,NFLX,43145,0.286098
89393,8/31/2022,NFLX,43145,-0.005958
89393,9/30/2022,NFLX,43145,0.05314
89393,10/31/2022,NFLX,43145,0.239721
89393,11/30/2022,NFLX,43145,0.046766
89393,12/30/2022,NFLX,43145,-0.034857
89393,1/31/2023,NFLX,43145,0.200013
89393,2/28/2023,NFLX,43145,-0.089668
89393,3/31/2023,NFLX,43145,0.072486
89393,4/28/2023,NFLX,43145,-0.04501
89393,5/31/2023,NFLX,43145,0.197921
89393,6/30/2023,NFLX,43145,0.114516
89393,7/31/2023,NFLX,43145,-0.003451
89393,8/31/2023,NFLX,43145,-0.012051
89393,9/29/2023,NFLX,43145,-0.129312
89393,10/31/2023,NFLX,43145,0.090281
89393,11/30/2023,NFLX,43145,0.151279
89393,12/29/2023,NFLX,43145,0.027238
78405,12/31/2003,RCI,26164,0.058796
78405,1/30/2004,RCI,26164,0.167273
78405,2/27/2004,RCI,26164,-0.023884
78405,3/31/2004,RCI,26164,-0.005851
78405,4/30/2004,RCI,26164,-0.078117
78405,5/28/2004,RCI,26164,0.112014
78405,6/30/2004,RCI,26164,-0.051854
78405,7/30/2004,RCI,26164,-0.009928
78405,8/31/2004,RCI,26164,-0.009471
78405,9/30/2004,RCI,26164,0.13667
78405,10/29/2004,RCI,26164,0.14003
78405,11/30/2004,RCI,26164,0.048177
78405,12/31/2004,RCI,26164,0.084547
78405,1/31/2005,RCI,26164,0.024092
78405,2/28/2005,RCI,26164,0.011202
78405,3/31/2005,RCI,26164,0.005908
78405,4/29/2005,RCI,26164,0.0558
78405,5/31/2005,RCI,26164,0.05459
78405,6/30/2005,RCI,26164,0.085405
78405,7/29/2005,RCI,26164,0.123175
78405,8/31/2005,RCI,26164,0.005416
78405,9/30/2005,RCI,26164,0.062483
78405,10/31/2005,RCI,26164,0.002028
78405,11/30/2005,RCI,26164,-0.033392
78405,12/30/2005,RCI,26164,0.1077
78405,1/31/2006,RCI,26164,0.044487
78405,2/28/2006,RCI,26164,-0.093113
78405,3/31/2006,RCI,26164,-0.046965
78405,4/28/2006,RCI,26164,0.111927
78405,5/31/2006,RCI,26164,-0.016266
78405,6/30/2006,RCI,26164,-0.030283
78405,7/31/2006,RCI,26164,0.056931
78405,8/31/2006,RCI,26164,0.207494
78405,9/29/2006,RCI,26164,0.064197
78405,10/31/2006,RCI,26164,0.090213
78405,11/30/2006,RCI,26164,0.023236
78405,12/29/2006,RCI,26164,-0.025166
78405,1/31/2007,RCI,26164,0.038591
78405,2/28/2007,RCI,26164,0.054927
78405,3/30/2007,RCI,26164,0.004415
78405,4/30/2007,RCI,26164,0.164835
78405,5/31/2007,RCI,26164,0.087264
78405,6/29/2007,RCI,26164,0.026944
78405,7/31/2007,RCI,26164,0.065898
78405,8/31/2007,RCI,26164,-0.000221
78405,9/28/2007,RCI,26164,0.008136
78405,10/31/2007,RCI,26164,0.119262
78405,11/30/2007,RCI,26164,-0.178571
78405,12/31/2007,RCI,26164,0.083956
78405,1/31/2008,RCI,26164,-0.15337
78405,2/29/2008,RCI,26164,0.032629
78405,3/31/2008,RCI,26164,-0.085602
78405,4/30/2008,RCI,26164,0.242205
78405,5/30/2008,RCI,26164,-0.008132
78405,6/30/2008,RCI,26164,-0.121563
78405,7/31/2008,RCI,26164,-0.123383
78405,8/29/2008,RCI,26164,0.074619
78405,9/30/2008,RCI,26164,-0.08126
78405,10/31/2008,RCI,26164,-0.12485
78405,11/28/2008,RCI,26164,-0.062284
78405,12/31/2008,RCI,26164,0.110783
78405,1/30/2009,RCI,26164,-0.06383
78405,2/27/2009,RCI,26164,-0.166903
78405,3/31/2009,RCI,26164,-0.017265
78405,4/30/2009,RCI,26164,0.076654
78405,5/29/2009,RCI,26164,0.224543
78405,6/30/2009,RCI,26164,-0.137353
78405,7/31/2009,RCI,26164,0.081165
78405,8/31/2009,RCI,26164,-0.011135
78405,9/30/2009,RCI,26164,0.03389
78405,10/30/2009,RCI,26164,0.038298
78405,11/30/2009,RCI,26164,0.042879
78405,12/31/2009,RCI,26164,0.024455
78405,1/29/2010,RCI,26164,0.008387
78405,2/26/2010,RCI,26164,0.056622
78405,3/31/2010,RCI,26164,0.042646
78405,4/30/2010,RCI,26164,0.043364
78405,5/28/2010,RCI,26164,-0.035587
78405,6/30/2010,RCI,26164,-0.03732
78405,7/30/2010,RCI,26164,0.059829
78405,8/31/2010,RCI,26164,0.002592
78405,9/30/2010,RCI,26164,0.084137
78405,10/29/2010,RCI,26164,-0.026182
78405,11/30/2010,RCI,26164,-0.019568
78405,12/31/2010,RCI,26164,-0.022304
78405,1/31/2011,RCI,26164,0.008374
78405,2/28/2011,RCI,26164,0.010882
78405,3/31/2011,RCI,26164,0.0414
78405,4/29/2011,RCI,26164,0.039286
78405,5/31/2011,RCI,26164,0.010838
78405,6/30/2011,RCI,26164,0.04294
78405,7/29/2011,RCI,26164,-0.034413
78405,8/31/2011,RCI,26164,0.01913
78405,9/30/2011,RCI,26164,-0.111193
78405,10/31/2011,RCI,26164,0.062555
78405,11/30/2011,RCI,26164,0.018707
78405,12/30/2011,RCI,26164,0.049336
78405,1/31/2012,RCI,26164,-0.001558
78405,2/29/2012,RCI,26164,-0.003901
78405,3/30/2012,RCI,26164,0.046964
78405,4/30/2012,RCI,26164,-0.059698
78405,5/31/2012,RCI,26164,-0.0809
78405,6/29/2012,RCI,26164,0.066562
78405,7/31/2012,RCI,26164,0.08285
78405,8/31/2012,RCI,26164,0.030094
78405,9/28/2012,RCI,26164,0.010282
78405,10/31/2012,RCI,26164,0.087129
78405,11/30/2012,RCI,26164,0.005692
78405,12/31/2012,RCI,26164,0.039626
78405,1/31/2013,RCI,26164,0.021309
78405,2/28/2013,RCI,26164,0.02151
78405,3/28/2013,RCI,26164,0.084096
78405,4/30/2013,RCI,26164,-0.033882
78405,5/31/2013,RCI,26164,-0.081492
78405,6/28/2013,RCI,26164,-0.125441
78405,7/31/2013,RCI,26164,0.018877
78405,8/30/2013,RCI,26164,-0.008513
78405,9/30/2013,RCI,26164,0.096713
78405,10/31/2013,RCI,26164,0.055801
78405,11/29/2013,RCI,26164,-0.012772
78405,12/31/2013,RCI,26164,0.018497
78405,1/31/2014,RCI,26164,-0.070939
78405,2/28/2014,RCI,26164,-0.080162
78405,3/31/2014,RCI,26164,0.082279
78405,4/30/2014,RCI,26164,-0.041506
78405,5/30/2014,RCI,26164,0.018379
78405,6/30/2014,RCI,26164,0.005424
78405,7/31/2014,RCI,26164,-0.030062
78405,8/29/2014,RCI,26164,0.044826
78405,9/30/2014,RCI,26164,-0.072416
78405,10/31/2014,RCI,26164,0.006147
78405,11/28/2014,RCI,26164,0.068792
78405,12/31/2014,RCI,26164,-0.024364
78405,1/30/2015,RCI,26164,-0.083119
78405,2/27/2015,RCI,26164,-0.006736
78405,3/31/2015,RCI,26164,-0.043144
78405,4/30/2015,RCI,26164,0.066607
78405,5/29/2015,RCI,26164,-0.038925
78405,6/30/2015,RCI,26164,0.046556
78405,7/31/2015,RCI,26164,-0.012665
78405,8/31/2015,RCI,26164,-0.027366
78405,9/30/2015,RCI,26164,0.02116
78405,10/30/2015,RCI,26164,0.154292
78405,11/30/2015,RCI,26164,-0.032663
78405,12/31/2015,RCI,26164,-0.095731
78405,1/29/2016,RCI,26164,-0.007835
78405,2/29/2016,RCI,26164,0.080725
78405,3/31/2016,RCI,26164,0.092823
78405,4/29/2016,RCI,26164,-0.028486
78405,5/31/2016,RCI,26164,-0.018261
78405,6/30/2016,RCI,26164,0.068247
78405,7/29/2016,RCI,26164,0.093317
78405,8/31/2016,RCI,26164,-0.031243
78405,9/30/2016,RCI,26164,0.000052
78405,10/31/2016,RCI,26164,-0.051627
78405,11/30/2016,RCI,26164,-0.040517
78405,12/30/2016,RCI,26164,0.008739
78405,1/31/2017,RCI,26164,0.124935
78405,2/28/2017,RCI,26164,-0.031336
78405,3/31/2017,RCI,26164,0.060352
78405,4/28/2017,RCI,26164,0.037087
78405,5/31/2017,RCI,26164,0.017008
78405,6/30/2017,RCI,26164,0.019864
78405,7/31/2017,RCI,26164,0.101462
78405,8/31/2017,RCI,26164,0.003269
78405,9/29/2017,RCI,26164,-0.004517
78405,10/31/2017,RCI,26164,0.006985
78405,11/30/2017,RCI,26164,-0.000771
78405,12/29/2017,RCI,26164,-0.010718
78405,1/31/2018,RCI,26164,-0.041822
78405,2/28/2018,RCI,26164,-0.076025
78405,3/29/2018,RCI,26164,-0.000849
78405,4/30/2018,RCI,26164,0.056625
78405,5/31/2018,RCI,26164,-0.006143
78405,6/29/2018,RCI,26164,0.019401
78405,7/31/2018,RCI,26164,0.07185
78405,8/31/2018,RCI,26164,0.018479
78405,9/28/2018,RCI,26164,-0.000615
78405,10/31/2018,RCI,26164,0.001945
78405,11/30/2018,RCI,26164,0.035721
78405,12/31/2018,RCI,26164,-0.032426
78405,1/31/2019,RCI,26164,0.054819
78405,2/28/2019,RCI,26164,0.022748
78405,3/29/2019,RCI,26164,-0.020027
78405,4/30/2019,RCI,26164,-0.065032
78405,5/31/2019,RCI,26164,0.045111
78405,6/28/2019,RCI,26164,0.024782
78405,7/31/2019,RCI,26164,-0.030456
78405,8/30/2019,RCI,26164,-0.045674
78405,9/30/2019,RCI,26164,-0.008317
78405,10/31/2019,RCI,26164,-0.033655
78405,11/29/2019,RCI,26164,0.025908
78405,12/31/2019,RCI,26164,0.035963
78405,1/31/2020,RCI,26164,0.008053
78405,2/28/2020,RCI,26164,-0.083483
78405,3/31/2020,RCI,26164,-0.086909
78405,4/30/2020,RCI,26164,0.006983
78405,5/29/2020,RCI,26164,0.001913
78405,6/30/2020,RCI,26164,-0.031907
78405,7/31/2020,RCI,26164,0.016173
78405,8/31/2020,RCI,26164,0.019099
78405,9/30/2020,RCI,26164,-0.038158
78405,10/30/2020,RCI,26164,0.024212
78405,11/30/2020,RCI,26164,0.160305
78405,12/31/2020,RCI,26164,-0.002959
78405,1/29/2021,RCI,26164,-0.03241
78405,2/26/2021,RCI,26164,-0.040595
78405,3/31/2021,RCI,26164,0.075025
78405,4/30/2021,RCI,26164,0.067896
78405,5/28/2021,RCI,26164,0.049157
78405,6/30/2021,RCI,26164,0.036852
78405,7/30/2021,RCI,26164,-0.039706
78405,8/31/2021,RCI,26164,-0.00098
78405,9/30/2021,RCI,26164,-0.077341
78405,10/29/2021,RCI,26164,-0.001286
78405,11/30/2021,RCI,26164,-0.040575
78405,12/31/2021,RCI,26164,0.074636
78405,1/31/2022,RCI,26164,0.064875
78405,2/28/2022,RCI,26164,0.017744
78405,3/31/2022,RCI,26164,0.106922
78405,4/29/2022,RCI,26164,-0.040352
78405,5/31/2022,RCI,26164,-0.058575
78405,6/30/2022,RCI,26164,-0.057956
78405,7/29/2022,RCI,26164,-0.040501
78405,8/31/2022,RCI,26164,-0.063098
78405,9/30/2022,RCI,26164,-0.09615
78405,10/31/2022,RCI,26164,0.080436
78405,11/30/2022,RCI,26164,0.107829
78405,12/30/2022,RCI,26164,0.023329
78405,1/31/2023,RCI,26164,0.038642
78405,2/28/2023,RCI,26164,-0.017883
78405,3/31/2023,RCI,26164,-0.022122
78405,4/28/2023,RCI,26164,0.065358
78405,5/31/2023,RCI,26164,-0.102247
78405,6/30/2023,RCI,26164,0.037742
78405,7/31/2023,RCI,26164,-0.040754
78405,8/31/2023,RCI,26164,-0.070809
78405,9/29/2023,RCI,26164,-0.047288
78405,10/31/2023,RCI,26164,-0.034644
78405,11/30/2023,RCI,26164,0.162979
78405,12/29/2023,RCI,26164,0.094623
78045,12/31/2003,MGA,26268,0.03237
78045,1/30/2004,MGA,26268,0.014116
78045,2/27/2004,MGA,26268,-0.021927
78045,3/31/2004,MGA,26268,0.001763
78045,4/30/2004,MGA,26268,-0.003788
78045,5/28/2004,MGA,26268,0.021293
78045,6/30/2004,MGA,26268,0.06197
78045,7/30/2004,MGA,26268,-0.054831
78045,8/31/2004,MGA,26268,-0.069814
78045,9/30/2004,MGA,26268,-0.005638
78045,10/29/2004,MGA,26268,-0.015254
78045,11/30/2004,MGA,26268,0.089925
78045,12/31/2004,MGA,26268,0.04322
78045,1/31/2005,MGA,26268,-0.082496
78045,2/28/2005,MGA,26268,-0.023633
78045,3/31/2005,MGA,26268,-0.090196
78045,4/29/2005,MGA,26268,-0.086248
78045,5/31/2005,MGA,26268,0.118763
78045,6/30/2005,MGA,26268,0.03426
78045,7/29/2005,MGA,26268,0.096105
78045,8/31/2005,MGA,26268,-0.042283
78045,9/30/2005,MGA,26268,0.019058
78045,10/31/2005,MGA,26268,-0.068661
78045,11/30/2005,MGA,26268,-0.006311
78045,12/30/2005,MGA,26268,0.044702
78045,1/31/2006,MGA,26268,0.028063
78045,2/28/2006,MGA,26268,0.005676
78045,3/31/2006,MGA,26268,0.022172
78045,4/28/2006,MGA,26268,0.036464
78045,5/31/2006,MGA,26268,-0.006119
78045,6/30/2006,MGA,26268,-0.072432
78045,7/31/2006,MGA,26268,0.02112
78045,8/31/2006,MGA,26268,-0.015784
78045,9/29/2006,MGA,26268,0.01501
78045,10/31/2006,MGA,26268,0.024237
78045,11/30/2006,MGA,26268,0.03262
78045,12/29/2006,MGA,26268,0.048009
78045,1/31/2007,MGA,26268,-0.030168
78045,2/28/2007,MGA,26268,-0.058244
78045,3/30/2007,MGA,26268,0.023515
78045,4/30/2007,MGA,26268,0.053788
78045,5/31/2007,MGA,26268,0.129375
78045,6/29/2007,MGA,26268,0.020639
78045,7/31/2007,MGA,26268,-0.036048
78045,8/31/2007,MGA,26268,0.023943
78045,9/28/2007,MGA,26268,0.076691
78045,10/31/2007,MGA,26268,-0.016094
78045,11/30/2007,MGA,26268,-0.106902
78045,12/31/2007,MGA,26268,-0.045568
78045,1/31/2008,MGA,26268,-0.020266
78045,2/29/2008,MGA,26268,-0.070939
78045,3/31/2008,MGA,26268,-0.009562
78045,4/30/2008,MGA,26268,0.034373
78045,5/30/2008,MGA,26268,-0.035776
78045,6/30/2008,MGA,26268,-0.172626
78045,7/31/2008,MGA,26268,-0.002363
78045,8/29/2008,MGA,26268,-0.024873
78045,9/30/2008,MGA,26268,-0.106164
78045,10/31/2008,MGA,26268,-0.342254
78045,11/28/2008,MGA,26268,-0.159786
78045,12/31/2008,MGA,26268,0.064746
78045,1/30/2009,MGA,26268,-0.070164
78045,2/27/2009,MGA,26268,-0.077973
78045,3/31/2009,MGA,26268,0.049493
78045,4/30/2009,MGA,26268,0.269533
78045,5/29/2009,MGA,26268,-0.045053
78045,6/30/2009,MGA,26268,0.302498
78045,7/31/2009,MGA,26268,0.206439
78045,8/31/2009,MGA,26268,-0.103022
78045,9/30/2009,MGA,26268,-0.069788
78045,10/30/2009,MGA,26268,-0.067968
78045,11/30/2009,MGA,26268,0.220792
78045,12/31/2009,MGA,26268,0.045473
78045,1/29/2010,MGA,26268,0.08877
78045,2/26/2010,MGA,26268,0.034865
78045,3/31/2010,MGA,26268,0.085278
78045,4/30/2010,MGA,26268,0.061601
78045,5/28/2010,MGA,26268,0.030612
78045,6/30/2010,MGA,26268,-0.02267
78045,7/30/2010,MGA,26268,0.132201
78045,8/31/2010,MGA,26268,0.045394
78045,9/30/2010,MGA,26268,0.057734
78045,10/29/2010,MGA,26268,0.100656
78045,11/30/2010,MGA,26268,0.056329
78045,12/31/2010,MGA,26268,0.09152
78045,1/31/2011,MGA,26268,0.1225
78045,2/28/2011,MGA,26268,-0.15436
78045,3/31/2011,MGA,26268,-0.024311
78045,4/29/2011,MGA,26268,0.069714
78045,5/31/2011,MGA,26268,-0.04878
78045,6/30/2011,MGA,26268,0.114227
78045,7/29/2011,MGA,26268,-0.09752
78045,8/31/2011,MGA,26268,-0.214476
78045,9/30/2011,MGA,26268,-0.133736
78045,10/31/2011,MGA,26268,0.157113
78045,11/30/2011,MGA,26268,-0.061599
78045,12/30/2011,MGA,26268,-0.06301
78045,1/31/2012,MGA,26268,0.241069
78045,2/29/2012,MGA,26268,0.150943
78045,3/30/2012,MGA,26268,0.009142
78045,4/30/2012,MGA,26268,-0.081902
78045,5/31/2012,MGA,26268,-0.074264
78045,6/29/2012,MGA,26268,-0.020844
78045,7/31/2012,MGA,26268,0.014192
78045,8/31/2012,MGA,26268,0.087831
78045,9/28/2012,MGA,26268,0
78045,10/31/2012,MGA,26268,0.026583
78045,11/30/2012,MGA,26268,0.051678
78045,12/31/2012,MGA,26268,0.077321
78045,1/31/2013,MGA,26268,0.044582
78045,2/28/2013,MGA,26268,0.018565
78045,3/28/2013,MGA,26268,0.108982
78045,4/30/2013,MGA,26268,0.025043
78045,5/31/2013,MGA,26268,0.112515
78045,6/28/2013,MGA,26268,0.069048
78045,7/31/2013,MGA,26268,0.073575
78045,8/30/2013,MGA,26268,0.013733
78045,9/30/2013,MGA,26268,0.069569
78045,10/31/2013,MGA,26268,0.025921
78045,11/29/2013,MGA,26268,-0.035891
78045,12/31/2013,MGA,26268,0.008852
78045,1/31/2014,MGA,26268,0.034
78045,2/28/2014,MGA,26268,0.050324
78045,3/31/2014,MGA,26268,0.084942
78045,4/30/2014,MGA,26268,0.017444
78045,5/30/2014,MGA,26268,0.048066
78045,6/30/2014,MGA,26268,0.053069
78045,7/31/2014,MGA,26268,-0.003248
78045,8/29/2014,MGA,26268,0.060056
78045,9/30/2014,MGA,26268,-0.163567
78045,10/31/2014,MGA,26268,0.040038
78045,11/28/2014,MGA,26268,0.094418
78045,12/31/2014,MGA,26268,0.009661
78045,1/30/2015,MGA,26268,-0.11657
78045,2/27/2015,MGA,26268,0.134764
78045,3/31/2015,MGA,26268,-0.011013
78045,4/30/2015,MGA,26268,-0.060194
78045,5/29/2015,MGA,26268,0.144755
78045,6/30/2015,MGA,26268,-0.024691
78045,7/31/2015,MGA,26268,-0.030843
78045,8/31/2015,MGA,26268,-0.09106
78045,9/30/2015,MGA,26268,-0.023989
78045,10/30/2015,MGA,26268,0.098313
78045,11/30/2015,MGA,26268,-0.134079
78045,12/31/2015,MGA,26268,-0.107394
78045,1/29/2016,MGA,26268,-0.147189
78045,2/29/2016,MGA,26268,0.123157
78045,3/31/2016,MGA,26268,0.112227
78045,4/29/2016,MGA,26268,-0.021881
78045,5/31/2016,MGA,26268,-0.02951
78045,6/30/2016,MGA,26268,-0.134715
78045,7/29/2016,MGA,26268,0.0998
78045,8/31/2016,MGA,26268,0.051335
78045,9/30/2016,MGA,26268,0.065757
78045,10/31/2016,MGA,26268,-0.044238
78045,11/30/2016,MGA,26268,-0.008526
78045,12/30/2016,MGA,26268,0.07293
78045,1/31/2017,MGA,26268,-0.002765
78045,2/28/2017,MGA,26268,-0.009704
78045,3/31/2017,MGA,26268,0.013416
78045,4/28/2017,MGA,26268,-0.032206
78045,5/31/2017,MGA,26268,0.078884
78045,6/30/2017,MGA,26268,0.034383
78045,7/31/2017,MGA,26268,0.029355
78045,8/31/2017,MGA,26268,0.014364
78045,9/29/2017,MGA,26268,0.109771
78045,10/31/2017,MGA,26268,0.021918
78045,11/30/2017,MGA,26268,0.031622
78045,12/29/2017,MGA,26268,0.011964
78045,1/31/2018,MGA,26268,0.00847
78045,2/28/2018,MGA,26268,-0.038145
78045,3/29/2018,MGA,26268,0.031108
78045,4/30/2018,MGA,26268,0.047028
78045,5/31/2018,MGA,26268,0.091525
78045,6/29/2018,MGA,26268,-0.092711
78045,7/31/2018,MGA,26268,0.045587
78045,8/31/2018,MGA,26268,-0.104146
78045,9/28/2018,MGA,26268,-0.029379
78045,10/31/2018,MGA,26268,-0.062631
78045,11/30/2018,MGA,26268,0.019496
78045,12/31/2018,MGA,26268,-0.08863
78045,1/31/2019,MGA,26268,0.164136
78045,2/28/2019,MGA,26268,-0.003402
78045,3/29/2019,MGA,26268,-0.069695
78045,4/30/2019,MGA,26268,0.14274
78045,5/31/2019,MGA,26268,-0.221693
78045,6/28/2019,MGA,26268,0.157429
78045,7/31/2019,MGA,26268,0.014487
78045,8/30/2019,MGA,26268,0.001091
78045,9/30/2019,MGA,26268,0.064259
78045,10/31/2019,MGA,26268,0.00825
78045,11/29/2019,MGA,26268,0.030035
78045,12/31/2019,MGA,26268,-0.003272
78045,1/31/2020,MGA,26268,-0.075675
78045,2/28/2020,MGA,26268,-0.096074
78045,3/31/2020,MGA,26268,-0.294631
78045,4/30/2020,MGA,26268,0.222744
78045,5/29/2020,MGA,26268,0.090956
78045,6/30/2020,MGA,26268,0.055714
78045,7/31/2020,MGA,26268,0.036829
78045,8/31/2020,MGA,26268,0.061512
78045,9/30/2020,MGA,26268,-0.058836
78045,10/30/2020,MGA,26268,0.117158
78045,11/30/2020,MGA,26268,0.209548
78045,12/31/2020,MGA,26268,0.152719
78045,1/29/2021,MGA,26268,-0.007768
78045,2/26/2021,MGA,26268,0.198576
78045,3/31/2021,MGA,26268,0.050713
78045,4/30/2021,MGA,26268,0.072467
78045,5/28/2021,MGA,26268,0.0699
78045,6/30/2021,MGA,26268,-0.079034
78045,7/30/2021,MGA,26268,-0.095099
78045,8/31/2021,MGA,26268,-0.053561
78045,9/30/2021,MGA,26268,-0.046509
78045,10/29/2021,MGA,26268,0.080542
78045,11/30/2021,MGA,26268,-0.06925
78045,12/31/2021,MGA,26268,0.075758
78045,1/31/2022,MGA,26268,-0.004077
78045,2/28/2022,MGA,26268,-0.073068
78045,3/31/2022,MGA,26268,-0.134105
78045,4/29/2022,MGA,26268,-0.062821
78045,5/31/2022,MGA,26268,0.084619
78045,6/30/2022,MGA,26268,-0.154344
78045,7/29/2022,MGA,26268,0.163206
78045,8/31/2022,MGA,26268,-0.088945
78045,9/30/2022,MGA,26268,-0.17859
78045,10/31/2022,MGA,26268,0.175243
78045,11/30/2022,MGA,26268,0.113224
78045,12/30/2022,MGA,26268,-0.087839
78045,1/31/2023,MGA,26268,0.155927
78045,2/28/2023,MGA,26268,-0.13474
78045,3/31/2023,MGA,26268,-0.038758
78045,4/28/2023,MGA,26268,-0.026321
78045,5/31/2023,MGA,26268,-0.064034
78045,6/30/2023,MGA,26268,0.16708
78045,7/31/2023,MGA,26268,0.139795
78045,8/31/2023,MGA,26268,-0.078502
78045,9/29/2023,MGA,26268,-0.088575
78045,10/31/2023,MGA,26268,-0.102966
78045,11/30/2023,MGA,26268,0.130588
78045,12/29/2023,MGA,26268,0.095901
86572,12/31/2003,DSGX,16384,-0.12963
86572,1/30/2004,DSGX,16384,0.106383
86572,2/27/2004,DSGX,16384,-0.038462
86572,3/31/2004,DSGX,16384,-0.23
86572,4/30/2004,DSGX,16384,-0.056277
86572,5/28/2004,DSGX,16384,-0.440367
86572,6/30/2004,DSGX,16384,-0.098361
86572,7/30/2004,DSGX,16384,0.027273
86572,8/31/2004,DSGX,16384,-0.088496
86572,9/30/2004,DSGX,16384,0.126214
86572,10/29/2004,DSGX,16384,-0.034483
86572,11/30/2004,DSGX,16384,0.571429
86572,12/31/2004,DSGX,16384,0.136364
86572,1/31/2005,DSGX,16384,-0.115
86572,2/28/2005,DSGX,16384,0.090395
86572,3/31/2005,DSGX,16384,-0.025907
86572,4/29/2005,DSGX,16384,-0.010638
86572,5/31/2005,DSGX,16384,0.177419
86572,6/30/2005,DSGX,16384,0.013699
86572,7/29/2005,DSGX,16384,0.103604
86572,8/31/2005,DSGX,16384,-0.093878
86572,9/30/2005,DSGX,16384,0.094595
86572,10/31/2005,DSGX,16384,-0.098765
86572,11/30/2005,DSGX,16384,0.068493
86572,12/30/2005,DSGX,16384,0.34188
86572,1/31/2006,DSGX,16384,0.079618
86572,2/28/2006,DSGX,16384,0.050147
86572,3/31/2006,DSGX,16384,0.061798
86572,4/28/2006,DSGX,16384,-0.018519
86572,5/31/2006,DSGX,16384,0.075472
86572,6/30/2006,DSGX,16384,-0.068922
86572,7/31/2006,DSGX,16384,0.057873
86572,8/31/2006,DSGX,16384,-0.025445
86572,9/29/2006,DSGX,16384,0.02611
86572,10/31/2006,DSGX,16384,-0.063613
86572,11/30/2006,DSGX,16384,0.0625
86572,12/29/2006,DSGX,16384,-0.056266
86572,1/31/2007,DSGX,16384,0.054201
86572,2/28/2007,DSGX,16384,0.071979
86572,3/30/2007,DSGX,16384,0.047962
86572,4/30/2007,DSGX,16384,0.034325
86572,5/31/2007,DSGX,16384,-0.028761
86572,6/29/2007,DSGX,16384,-0.063781
86572,7/31/2007,DSGX,16384,-0.012165
86572,8/31/2007,DSGX,16384,-0.108374
86572,9/28/2007,DSGX,16384,0.30663
86572,10/31/2007,DSGX,16384,0.008457
86572,11/30/2007,DSGX,16384,-0.121593
86572,12/31/2007,DSGX,16384,0.002387
86572,1/31/2008,DSGX,16384,-0.104762
86572,2/29/2008,DSGX,16384,-0.026596
86572,3/31/2008,DSGX,16384,-0.043716
86572,4/30/2008,DSGX,16384,0.082857
86572,5/30/2008,DSGX,16384,0.023747
86572,6/30/2008,DSGX,16384,-0.134021
86572,7/31/2008,DSGX,16384,0.029762
86572,8/29/2008,DSGX,16384,-0.028902
86572,9/30/2008,DSGX,16384,0.092262
86572,10/31/2008,DSGX,16384,-0.228883
86572,11/28/2008,DSGX,16384,-0.053003
86572,12/31/2008,DSGX,16384,0.115672
86572,1/30/2009,DSGX,16384,-0.060201
86572,2/27/2009,DSGX,16384,-0.170819
86572,3/31/2009,DSGX,16384,0.145923
86572,4/30/2009,DSGX,16384,0.217228
86572,5/29/2009,DSGX,16384,0.215385
86572,6/30/2009,DSGX,16384,-0.032911
86572,7/31/2009,DSGX,16384,0.070681
86572,8/31/2009,DSGX,16384,0.090465
86572,9/30/2009,DSGX,16384,0.199552
86572,10/30/2009,DSGX,16384,-0.024299
86572,11/30/2009,DSGX,16384,-0.049808
86572,12/31/2009,DSGX,16384,0.195564
86572,1/29/2010,DSGX,16384,0
86572,2/26/2010,DSGX,16384,0.048904
86572,3/31/2010,DSGX,16384,0.03537
86572,4/30/2010,DSGX,16384,-0.048137
86572,5/28/2010,DSGX,16384,-0.081566
86572,6/30/2010,DSGX,16384,-0.056838
86572,7/30/2010,DSGX,16384,0.116761
86572,8/31/2010,DSGX,16384,-0.053963
86572,9/30/2010,DSGX,16384,0.14615
86572,10/29/2010,DSGX,16384,-0.017092
86572,11/30/2010,DSGX,16384,0.080696
86572,12/31/2010,DSGX,16384,0.030747
86572,1/31/2011,DSGX,16384,-0.009943
86572,2/28/2011,DSGX,16384,-0.031793
86572,3/31/2011,DSGX,16384,-0.013085
86572,4/29/2011,DSGX,16384,-0.004519
86572,5/31/2011,DSGX,16384,0.025641
86572,6/30/2011,DSGX,16384,0.054412
86572,7/29/2011,DSGX,16384,-0.039052
86572,8/31/2011,DSGX,16384,-0.072569
86572,9/30/2011,DSGX,16384,-0.032864
86572,10/31/2011,DSGX,16384,0.203884
86572,11/30/2011,DSGX,16384,-0.069892
86572,12/30/2011,DSGX,16384,0.034682
86572,1/31/2012,DSGX,16384,0.122905
86572,2/29/2012,DSGX,16384,0.0199
86572,3/30/2012,DSGX,16384,0.064585
86572,4/30/2012,DSGX,16384,-0.048066
86572,5/31/2012,DSGX,16384,-0.009627
86572,6/29/2012,DSGX,16384,0.017011
86572,7/31/2012,DSGX,16384,-0.005974
86572,8/31/2012,DSGX,16384,0.004808
86572,9/28/2012,DSGX,16384,0.045455
86572,10/31/2012,DSGX,16384,-0.016018
86572,11/30/2012,DSGX,16384,0
86572,12/31/2012,DSGX,16384,0.081395
86572,1/31/2013,DSGX,16384,0.011828
86572,2/28/2013,DSGX,16384,-0.034006
86572,3/28/2013,DSGX,16384,0.034103
86572,4/30/2013,DSGX,16384,0.058511
86572,5/31/2013,DSGX,16384,0.19598
86572,6/28/2013,DSGX,16384,-0.031092
86572,7/31/2013,DSGX,16384,-0.02255
86572,8/30/2013,DSGX,16384,-0.054126
86572,9/30/2013,DSGX,16384,0.06848
86572,10/31/2013,DSGX,16384,0.086918
86572,11/29/2013,DSGX,16384,0.100162
86572,12/31/2013,DSGX,16384,-0.016887
86572,1/31/2014,DSGX,16384,0.073936
86572,2/28/2014,DSGX,16384,-0.006954
86572,3/31/2014,DSGX,16384,-0.021709
86572,4/30/2014,DSGX,16384,-0.029349
86572,5/30/2014,DSGX,16384,-0.014012
86572,6/30/2014,DSGX,16384,0.072551
86572,7/31/2014,DSGX,16384,-0.058577
86572,8/29/2014,DSGX,16384,0.039259
86572,9/30/2014,DSGX,16384,-0.015681
86572,10/31/2014,DSGX,16384,0.004345
86572,11/28/2014,DSGX,16384,0.085076
86572,12/31/2014,DSGX,16384,-0.015282
86572,1/30/2015,DSGX,16384,0.033738
86572,2/27/2015,DSGX,16384,-0.01436
86572,3/31/2015,DSGX,16384,-0.002649
86572,4/30/2015,DSGX,16384,-0.003984
86572,5/29/2015,DSGX,16384,0.016
86572,6/30/2015,DSGX,16384,0.056457
86572,7/31/2015,DSGX,16384,0.0478
86572,8/31/2015,DSGX,16384,0.023711
86572,9/30/2015,DSGX,16384,0.02432
86572,10/30/2015,DSGX,16384,-0.011306
86572,11/30/2015,DSGX,16384,0.141795
86572,12/31/2015,DSGX,16384,0.005508
86572,1/29/2016,DSGX,16384,-0.113546
86572,2/29/2016,DSGX,16384,-0.040449
86572,3/31/2016,DSGX,16384,0.142272
86572,4/29/2016,DSGX,16384,-0.055356
86572,5/31/2016,DSGX,16384,0.136191
86572,6/30/2016,DSGX,16384,-0.088348
86572,7/29/2016,DSGX,16384,0.058146
86572,8/31/2016,DSGX,16384,0.055445
86572,9/30/2016,DSGX,16384,0.009381
86572,10/31/2016,DSGX,16384,-0.033457
86572,11/30/2016,DSGX,16384,0.064904
86572,12/30/2016,DSGX,16384,-0.03386
86572,1/31/2017,DSGX,16384,0.021028
86572,2/28/2017,DSGX,16384,-0.036613
86572,3/31/2017,DSGX,16384,0.087886
86572,4/28/2017,DSGX,16384,0.010917
86572,5/31/2017,DSGX,16384,0.082073
86572,6/30/2017,DSGX,16384,-0.027944
86572,7/31/2017,DSGX,16384,0.030801
86572,8/31/2017,DSGX,16384,0.11753
86572,9/29/2017,DSGX,16384,-0.024955
86572,10/31/2017,DSGX,16384,0.062157
86572,11/30/2017,DSGX,16384,-0.04475
86572,12/29/2017,DSGX,16384,0.023423
86572,1/31/2018,DSGX,16384,-0.001761
86572,2/28/2018,DSGX,16384,-0.067019
86572,3/29/2018,DSGX,16384,0.079395
86572,4/30/2018,DSGX,16384,0.035026
86572,5/31/2018,DSGX,16384,0.00846
86572,6/29/2018,DSGX,16384,0.090604
86572,7/31/2018,DSGX,16384,-0.018462
86572,8/31/2018,DSGX,16384,0.097179
86572,9/28/2018,DSGX,16384,-0.031429
86572,10/31/2018,DSGX,16384,-0.09764
86572,11/30/2018,DSGX,16384,-0.038248
86572,12/31/2018,DSGX,16384,-0.100612
86572,1/31/2019,DSGX,16384,0.173847
86572,2/28/2019,DSGX,16384,0.112041
86572,3/29/2019,DSGX,16384,0.053272
86572,4/30/2019,DSGX,16384,0.098955
86572,5/31/2019,DSGX,16384,0.003001
86572,6/28/2019,DSGX,16384,-0.078554
86572,7/31/2019,DSGX,16384,-0.017591
86572,8/30/2019,DSGX,16384,-0.02259
86572,9/30/2019,DSGX,16384,0.136133
86572,10/31/2019,DSGX,16384,-0.034731
86572,11/29/2019,DSGX,16384,0.100745
86572,12/31/2019,DSGX,16384,-0.002568
86572,1/31/2020,DSGX,16384,0.048923
86572,2/28/2020,DSGX,16384,-0.077884
86572,3/31/2020,DSGX,16384,-0.167715
86572,4/30/2020,DSGX,16384,0.223612
86572,5/29/2020,DSGX,16384,0.130941
86572,6/30/2020,DSGX,16384,0.111578
86572,7/31/2020,DSGX,16384,0.064839
86572,8/31/2020,DSGX,16384,0.082017
86572,9/30/2020,DSGX,16384,-0.065135
86572,10/30/2020,DSGX,16384,-0.056511
86572,11/30/2020,DSGX,16384,0.102865
86572,12/31/2020,DSGX,16384,-0.013662
86572,1/29/2021,DSGX,16384,0.044118
86572,2/26/2021,DSGX,16384,-0.040943
86572,3/31/2021,DSGX,16384,0.04013
86572,4/30/2021,DSGX,16384,0.051716
86572,5/28/2021,DSGX,16384,-0.08773
86572,6/30/2021,DSGX,16384,0.183436
86572,7/30/2021,DSGX,16384,0.050607
86572,8/31/2021,DSGX,16384,0.078998
86572,9/30/2021,DSGX,16384,0.03648
86572,10/29/2021,DSGX,16384,0.006276
86572,11/30/2021,DSGX,16384,-0.017243
86572,12/31/2021,DSGX,16384,0.02887
86572,1/31/2022,DSGX,16384,-0.11986
86572,2/28/2022,DSGX,16384,-0.02075
86572,3/31/2022,DSGX,16384,0.028066
86572,4/29/2022,DSGX,16384,-0.151652
86572,5/31/2022,DSGX,16384,-0.045052
86572,6/30/2022,DSGX,16384,0.045661
86572,7/29/2022,DSGX,16384,0.112472
86572,8/31/2022,DSGX,16384,0.019699
86572,9/30/2022,DSGX,16384,-0.097585
86572,10/31/2022,DSGX,16384,0.087203
86572,11/30/2022,DSGX,16384,0.005502
86572,12/30/2022,DSGX,16384,0.00288
86572,1/31/2023,DSGX,16384,0.048385
86572,2/28/2023,DSGX,16384,0.009039
86572,3/31/2023,DSGX,16384,0.094055
86572,4/28/2023,DSGX,16384,-0.01774
86572,5/31/2023,DSGX,16384,-0.023364
86572,6/30/2023,DSGX,16384,0.03595
86572,7/31/2023,DSGX,16384,-0.027962
86572,8/31/2023,DSGX,16384,-0.03737
86572,9/29/2023,DSGX,16384,-0.021078
86572,10/31/2023,DSGX,16384,-0.015944
86572,11/30/2023,DSGX,16384,0.122282
86572,12/29/2023,DSGX,16384,0.037266
